Year,Favorite,Underdog,Probability,Winner,Favorite (Seed),Underdog (Seed),City Where Game Was Played,State Where Game was Played,Lat for City Where Game was played,Lon for City Where Game was Played,Distance to Favorite,Round,College_lat,College_lon,Underdog_lat,Underdog_lon
2023,Houston,Northen Kentucky,97%,1,1,16,Birmingham,AL,33.5279,-86.7971,,1,29.718922,-95.339162,N/A,N/A
2023,Alabama,A&M-Corpus Christi,99%,1,1,16,Birmingham,AL,33.5279,-86.7971,,1,33.215775,-87.538261,N/A,N/A
2023,Texas,Colgate,92%,1,2,15,Des Moines,IA,41.5725,-93.6105,,1,30.28614,-97.73942,N/A,N/A
2023,Purdue,FDU,98%,0,1,16,Columbus,OH,39.9862,-82.9855,,1,40.424,-86.929,40.897967,-74.029278
2023,Kansas,Howard,98%,1,1,16,Des Moines,IA,41.5725,-93.6105,,1,38.95216286,-95.25599898,N/A,N/A
2023,Gonzaga,Grand Canyon,92%,1,3,14,Denver,CO,39.762,-104.8758,,1,47.66721,-117.40235,N/A,N/A
2023,Arizona,Princeton,94%,0,2,15,Sacramento,CA,38.5677,-121.4685,,1,32.248814,-110.987419,40.34873,-74.65931
2023,UCLA,UNC Asheville,95%,1,2,15,Sacramento,CA,38.5677,-121.4685,,1,34.06999972,-118.4397899,N/A,N/A
2023,UCONN,Iona,85%,1,4,13,Albany,NY,42.6664,-73.7987,,1,41.80666344,-72.25216566,N/A,N/A
2023,Marquette,Vermont,89%,1,2,15,Columbus,OH,39.9862,-82.9855,,1,43.038,-87.928,N/A,N/A
2023,Baylor,UC Santa Barbara,89%,1,3,14,Denver,CO,39.762,-104.8758,,1,31.5416645,-97.1083329,N/A,N/A
2023,Creighton,NC State,79%,1,6,11,Denver,CO,39.762,-104.8758,,1,41.25886896,-95.94322956,35.785548,-78.67157
2023,Duke,Oral Roberts,82%,1,5,12,Orlando,FL,36.1355,-97.3654,,1,36.00066666,-78.93666292,36.05056,-95.95245
2023,Tennessee,Louisiana,87%,1,4,13,Orlando,FL,36.1355,-97.3654,,1,35.9509962,-83.92466297,N/A,N/A
2023,Kentucky,Providence,66%,1,6,11,Greensboro,NC,36.0956,-79.8271,,1,38.0333332,-84.499998,41.83932998,-71.43411493
2023,Indiana,Kent St.,74%,1,4,13,Albany,NY,42.6664,-73.7987,,1,39.167322,-86.521414,N/A,N/A
2023,Texas A&M,Penn St.,60%,0,7,10,Des Moines,IA,41.5725,-93.6105,,1,30.610369,-96.344056,N/A,N/A
2023,TCU,Arizona St.,63%,1,6,11,Denver,CO,39.762,-104.8758,,1,32.709605,-97.362823,33.41933166,-111.925663
2023,Iowa State,Pittsburgh,64%,0,6,11,Greensboro,NC,36.0956,-79.8271,,1,42.023949,-93.647595,40.444565,-79.953274
2023,SDSU,Col. Of Charleston,67%,1,5,12,Orlando,FL,36.1355,-97.3654,,1,32.77544,-117.072823,N/A,N/A
2023,Xavier,Kennesaw St.,87%,1,3,14,Greensboro,NC,36.0956,-79.8271,,1,39.14868,-84.47799,N/A,N/A
2023,Auburn,Iowa,58%,1,9,8,Birmingham,AL,33.5279,-86.7971,,1,32.593357,-85.495163,41.65349739,-91.52166458
2023,Memphis,Fla. Atlantic,64%,0,8,9,Columbus,OH,39.9862,-82.9855,,1,35.11908,-89.93778,26.119988,-80.141341
2023,Kansas State,Montana St.,85%,1,3,14,Greensboro,NC,36.0956,-79.8271,,1,39.18833258,-96.57516437,N/A,N/A
2023,St. Mary's,VCU,59%,1,5,12,Albany,NY,42.6664,-73.7987,,1,37.5029,-122.0633,37.5466151,-77.4532558
2023,Arkansas,Illinois,52%,1,8,9,Des Moines,IA,41.5725,-93.6105,,1,36.0687,-94.1748,40.110558,-88.228333
2023,Virginia,Furman,72%,0,4,13,Orlando,FL,36.1355,-97.3654,,1,38.033554,-78.50798,34.92216298,-82.43466493
2023,Michigan St.,USC,64%,1,7,10,Columbus,OH,39.9862,-82.9855,,1,42.723387,-84.481366,34.02051,-118.28563
2023,Maryland,W. Virginia,51%,1,8,9,Birmingham,AL,33.5279,-86.7971,,1,38.98582939,-76.93732958,39.63582,-79.95453
2023,Miami,Drake,59%,1,5,12,Albany,NY,42.6664,-73.7987,,1,25.721644,-80.279267,N/A,N/A
2023,Utah State,Missouri,64%,0,10,7,Sacramento,CA,38.5677,-121.4685,,1,41.73774872,-111.8086984,38.9453,-92.3288
2023,Boise State,Northwestern,59%,0,10,7,Sacramento,CA,38.5677,-121.4685,,1,43.6036,-116.20871,42.054853,-87.673945
2023,Alabama,Maryland,84%,1,1,8,Birmingham,AL,33.5279,-86.7971,,2,33.215775,-87.538261,38.98582939,-76.93732958
2023,Houston,Auburn,66%,1,1,9,Birmingham,AL,33.5279,-86.7971,,2,29.718922,-95.339162,32.593357,-85.495163
2023,Texas,Penn St.,72%,1,2,10,Des Moines,IA,41.5725,-93.6105,,2,30.28614,-97.73942,N/A,N/A
2023,Kansas,Arkansas,67%,0,1,8,Des Moines,IA,41.5725,-93.6105,,2,38.95216286,-95.25599898,36.0687,-94.1748
2023,Gonzaga,TCU,67%,1,3,6,Denver,CO,39.762,-104.8758,,2,47.66721,-117.40235,32.709605,-97.362823
2023,UCONN,St. Mary's,74%,1,4,5,Albany,NY,42.6664,-73.7987,,2,41.80666344,-72.25216566,N/A,N/A
2023,UCLA,Northwestern,76%,1,2,7,Sacramento,CA,38.5677,-121.4685,,2,34.06999972,-118.4397899,42.054853,-87.673945
2023,Creighton,Baylor,54%,1,6,3,Denver,CO,39.762,-104.8758,,2,41.25886896,-95.94322956,31.5416645,-97.1083329
2023,Duke,Tennessee,53%,0,5,4,Orlando,FL,36.1355,-97.3654,,2,36.00066666,-78.93666292,35.9509962,-83.92466297
2023,Marquette,Michigan St.,62%,0,2,7,Columbus,OH,39.9862,-82.9855,,2,43.038,-87.928,42.723387,-84.481366
2023,Kentucky,Kansas State,63%,0,6,3,Greensboro,NC,36.0956,-79.8271,,2,38.0333332,-84.499998,39.18833258,-96.57516437
2023,Indiana,Miami,62%,0,4,5,Albany,NY,42.6664,-73.7987,,2,39.167322,-86.521414,25.721644,-80.279267
2023,SDSU,Furman,73%,1,5,13,Orlando,FL,36.1355,-97.3654,,2,32.77544,-117.072823,34.92216298,-82.43466493
2023,Xavier,Pittsburgh,57%,1,3,11,Greensboro,NC,36.0956,-79.8271,,2,39.14868,-84.47799,40.444565,-79.953274
2023,Missouri,Princeton,76%,0,7,15,Sacramento,CA,38.5677,-121.4685,,2,38.9453,-92.3288,40.34873,-74.65931
2023,Fla. Atlantic,FDU,90%,1,9,16,Columbus,OH,39.9862,-82.9855,,2,26.119988,-80.141341,40.897967,-74.029278
2023,Houston,Miami,79%,0,1,5,Kansas City,MO,39.1238,-94.5541,,3,29.718922,-95.339162,25.721644,-80.279267
2023,Alabama,SDSU,76%,0,1,5,Louisville,KY,38.1663,-85.6485,,3,33.215775,-87.538261,32.77544,-117.072823
2023,Texas,Xavier,70%,1,2,3,Kansas City,MO,39.1238,-94.5541,,3,30.28614,-97.73942,39.14868,-84.47799
2023,Creighton,Princeton,83%,1,6,15,Louisville,KY,38.1663,-85.6485,,3,41.25886896,-95.94322956,40.34873,-74.65931
2023,Tennessee,Fla. Atlantic,66%,0,4,9,New York,NY,40.6943,-73.9249,,3,35.9509962,-83.92466297,26.119988,-80.141341
2023,Gonzaga,UCLA,51%,1,3,2,Las Vegas,NV,36.2333,-115.2654,,3,47.66721,-117.40235,34.06999972,-118.4397899
2023,UCONN,Arkansas,61%,1,4,8,Las Vegas,NV,36.2333,-115.2654,,3,41.80666344,-72.25216566,36.0687,-94.1748
2023,Michigan St.,Kansas State,54%,0,7,3,New York,NY,40.6943,-73.9249,,3,42.723387,-84.481366,39.18833258,-96.57516437
2023,Texas,Miami,63%,0,2,5,Kansas City,MO,39.1238,-94.5541,,4,30.28614,-97.73942,25.721644,-80.279267
2023,UCONN,Gonzaga,53%,1,4,3,Las Vegas,NV,36.2333,-115.2654,,4,41.80666344,-72.25216566,47.66721,-117.40235
2023,Creighton,SDSU,54%,0,6,5,Louisville,KY,38.1663,-85.6485,,4,41.25886896,-95.94322956,32.77544,-117.072823
2023,Kansas State,Fla. Atlantic,51%,0,3,9,New York,NY,40.6943,-73.9249,,4,39.18833258,-96.57516437,26.119988,-80.141341
2023,UCONN,Miami,64%,1,4,5,Houston,TX,29.786,-95.3885,,5,41.80666344,-72.25216566,25.721644,-80.279267
2023,SDSU,Fla. Atlantic,62%,1,5,9,Houston,TX,29.786,-95.3885,,5,32.77544,-117.072823,26.119988,-80.141341
2023,UCONN,SDSU,70%,1,4,5,Houston,TX,29.786,-95.3885,,6,41.80666344,-72.25216566,32.77544,-117.072823
2022,Gonzaga,Georgia St.,99%,1,1,16,Portland,OR,45.5371,-122.65,,1,47.66721,-117.40235,33.75278,-84.38611
2022,Kansas,Texas Southern,97%,1,1,16,Fort Worth,TX,32.7817,-97.3474,,1,38.95216286,-95.25599898,N/A,N/A
2022,Kentucky,Saint Peter's,95%,1,2,15,Indianapolis,IN,39.7771,-86.1458,,1,38.0333332,-84.499998,40.727027,-74.071045
2022,Arizona,Wright St.,96%,1,1,16,San Diego,CA,32.8313,-117.1222,,1,32.248814,-110.987419,N/A,N/A
2022,Auburn,Jacksonville St.,95%,1,2,15,Greenville,SC,34.8354,-82.3646,,1,32.593357,-85.495163,N/A,N/A
2022,Villanova,Delaware,95%,1,2,15,Pittsburgh,PA,40.4397,-79.9763,,1,40.034901,-75.337349,N/A,N/A
2022,Iowa,Richmond,82%,0,5,12,Buffalo,NY,42.9018,-78.8487,,1,41.65349739,-91.52166458,N/A,N/A
2022,Houston,UAB,77%,1,5,12,Pittsburgh,PA,40.4397,-79.9763,,1,29.718922,-95.339162,N/A,N/A
2022,Purdue,Yale,94%,1,3,14,Milwaukee,WI,43.0642,-87.9675,,1,40.424,-86.929,41.30666544,-72.92266298
2022,Tennessee,Longwood,94%,1,3,14,Indianapolis,IN,39.7771,-86.1458,,1,35.9509962,-83.92466297,N/A,N/A
2022,UCLA,Akron,93%,1,4,13,Portland,OR,45.5371,-122.65,,1,34.06999972,-118.4397899,N/A,N/A
2022,Duke,Cal State Fullerton,97%,1,2,15,Greenville,SC,34.8354,-82.3646,,1,36.00066666,-78.93666292,N/A,N/A
2022,Texas Tech,Montana St.,93%,1,3,14,San Diego,CA,32.8313,-117.1222,,1,33.58483,-101.87999,N/A,N/A
2022,Baylor,Norfolk St.,96%,1,1,16,Fort Worth,TX,32.7817,-97.3474,,1,31.5416645,-97.1083329,N/A,N/A
2022,Illinois,Chattanooga,81%,1,4,13,Pittsburgh,PA,40.4397,-79.9763,,1,40.110558,-88.228333,N/A,N/A
2022,LSU,Iowa State,67%,0,6,11,Milwaukee,WI,43.0642,-87.9675,,1,30.4145,-91.1783,42.023949,-93.647595
2022,Arkansas,Vermont,72%,1,4,13,Buffalo,NY,42.9018,-78.8487,,1,36.0687,-94.1748,N/A,N/A
2022,Wisconsin,Colgate,85%,1,3,14,Milwaukee,WI,43.0642,-87.9675,,1,43.075,-89.417222,N/A,N/A
2022,Texas,Virginia Tech,54%,1,6,11,Milwaukee,WI,43.0642,-87.9675,,1,30.28614,-97.73942,37.2249991,-80.4249983
2022,UCONN,New Mexico St.,86%,0,5,12,Buffalo,NY,42.9018,-78.8487,,1,41.80666344,-72.25216566,34,-106
2022,Alabama,Notre Dame,63%,0,6,11,San Diego,CA,32.8313,-117.1222,,1,33.215775,-87.538261,41.69928,-86.238899
2022,Michigan,Colorado St.,69%,1,11,6,Indianapolis,IN,39.7771,-86.1458,,1,42.283,-83.735,40.57156605,-105.075253
2022,UNC,Marquette,58%,1,8,9,Fort Worth,TX,32.7817,-97.3474,,1,35.904613,-79.046761,43.038,-87.928
2022,Ohio State,Loyola Chicago,55%,1,7,10,Pittsburgh,PA,40.4397,-79.9763,,1,39.999387,-83.02271,41.9999,-87.6578
2022,Memphis,Boise St.,52%,1,9,8,Portland,OR,45.5371,-122.65,,1,35.11908,-89.93778,N/A,N/A
2022,St. Mary's,Indiana,61%,1,5,12,Portland,OR,45.5371,-122.65,,1,37.5029,-122.0633,39.167322,-86.521414
2022,Providence,South Dakota St.,67%,1,4,13,Buffalo,NY,42.9018,-78.8487,,1,41.83932998,-71.43411493,N/A,N/A
2022,SDSU,Creighton,55%,0,8,9,Fort Worth,TX,32.7817,-97.3474,,1,32.77544,-117.072823,41.25886896,-95.94322956
2022,Michigan St.,Davidson,51%,1,7,10,Greenville,SC,34.8354,-82.3646,,1,42.723387,-84.481366,35.49999,-80.845296
2022,TCU,Seton Hall,52%,1,9,8,San Diego,CA,32.8313,-117.1222,,1,32.709605,-97.362823,40.743144,-74.246635
2022,USC,Miami,52%,0,7,10,Greenville,SC,34.8354,-82.3646,,1,34.02051,-118.28563,25.721644,-80.279267
2022,Murray St.,San Francisco,58%,1,7,10,Indianapolis,IN,39.7771,-86.1458,,1,36.6093759,-88.31966539,N/A,N/A
2022,Gonzaga,Memphis,90%,1,1,9,Portland,OR,45.5371,-122.65,,2,47.66721,-117.40235,35.11908,-89.93778
2022,Kansas,Creighton,90%,1,1,9,Fort Worth,TX,32.7817,-97.3474,,2,38.95216286,-95.25599898,41.25886896,-95.94322956
2022,Arizona,TCU,80%,1,1,9,San Diego,CA,32.8313,-117.1222,,2,32.248814,-110.987419,32.709605,-97.362823
2022,Auburn,Miami,82%,0,2,10,Greenville,SC,34.8354,-82.3646,,2,32.593357,-85.495163,25.721644,-80.279267
2022,Purdue,Texas,65%,1,3,6,Milwaukee,WI,43.0642,-87.9675,,2,40.424,-86.929,30.28614,-97.73942
2022,Villanova,Ohio State,69%,1,2,7,Pittsburgh,PA,40.4397,-79.9763,,2,40.034901,-75.337349,39.999387,-83.02271
2022,Houston,Illinois,53%,1,5,4,Pittsburgh,PA,40.4397,-79.9763,,2,29.718922,-95.339162,40.110558,-88.228333
2022,Baylor,UNC,70%,0,1,8,Fort Worth,TX,32.7817,-97.3474,,2,31.5416645,-97.1083329,35.904613,-79.046761
2022,Tennessee,Michigan,71%,0,3,11,Indianapolis,IN,39.7771,-86.1458,,2,35.9509962,-83.92466297,42.283,-83.735
2022,UCLA,St. Mary's,67%,1,4,5,Portland,OR,45.5371,-122.65,,2,34.06999972,-118.4397899,N/A,N/A
2022,Duke,Michigan St.,75%,1,2,7,Greenville,SC,34.8354,-82.3646,,2,36.00066666,-78.93666292,42.723387,-84.481366
2022,Texas Tech,Notre Dame,73%,1,3,11,San Diego,CA,32.8313,-117.1222,,2,33.58483,-101.87999,41.69928,-86.238899
2022,Arkansas,New Mexico St.,80%,1,4,12,Buffalo,NY,42.9018,-78.8487,,2,36.0687,-94.1748,34,-106
2022,Wisconsin,Iowa State,67%,0,3,11,Milwaukee,WI,43.0642,-87.9675,,2,43.075,-89.417222,42.023949,-93.647595
2022,Providence,Richmond,59%,1,4,12,Buffalo,NY,42.9018,-78.8487,,2,41.83932998,-71.43411493,N/A,N/A
2022,Murray St.,Saint Peter's,72%,0,7,15,Indianapolis,IN,39.7771,-86.1458,,2,36.6093759,-88.31966539,40.727027,-74.071045
2022,Gonzaga,Arkansas,84%,0,1,4,San Francisco,CA,37.7558,-122.4449,,3,47.66721,-117.40235,36.0687,-94.1748
2022,Kansas,Providence,72%,1,1,4,Chicago,IL,41.8375,-87.6866,,3,38.95216286,-95.25599898,41.83932998,-71.43411493
2022,Houston,Arizona,52%,1,5,1,San Antonio,TX,29.4632,-98.5238,,3,29.718922,-95.339162,32.248814,-110.987419
2022,Purdue,Saint Peter's,88%,0,3,15,Philadelphia,PA,40.0077,-75.1339,,3,40.424,-86.929,40.727027,-74.071045
2022,Villanova,Michigan,69%,1,2,11,San Antonio,TX,29.4632,-98.5238,,3,40.034901,-75.337349,42.283,-83.735
2022,UCLA,UNC,54%,0,4,8,Philadelphia,PA,40.0077,-75.1339,,3,34.06999972,-118.4397899,35.904613,-79.046761
2022,Texas Tech,Duke,53%,0,3,2,San Francisco,CA,37.7558,-122.4449,,3,33.58483,-101.87999,36.00066666,-78.93666292
2022,Miami,Iowa State,54%,1,10,11,Chicago,IL,41.8375,-87.6866,,3,25.721644,-80.279267,42.023949,-93.647595
2022,Kansas,Miami,76%,1,1,10,Chicago,IL,41.8375,-87.6866,,4,38.95216286,-95.25599898,25.721644,-80.279267
2022,Houston,Villanova,62%,0,5,2,San Antonio,TX,29.4632,-98.5238,,4,29.718922,-95.339162,40.034901,-75.337349
2022,Arkansas,Duke,51%,0,4,2,San Francisco,CA,37.7558,-122.4449,,4,36.0687,-94.1748,36.00066666,-78.93666292
2022,UNC,Saint Peter's,83%,1,8,15,Philadelphia,PA,40.0077,-75.1339,,4,35.904613,-79.046761,40.727027,-74.071045
2022,Kansas,Villanova,69%,1,1,2,New Orleans,LA,30.0687,-89.9288,,5,38.95216286,-95.25599898,40.034901,-75.337349
2022,Duke,UNC,62%,0,2,8,New Orleans,LA,30.0687,-89.9288,,5,36.00066666,-78.93666292,35.904613,-79.046761
2022,Kansas,UNC,68%,1,1,8,New Orleans,LA,30.0687,-89.9288,,6,38.95216286,-95.25599898,35.904613,-79.046761
2021,Gonzaga,Norfolk St.,99%,1,1,16,Indianapolis,IN,39.7771,-86.1458,,1,47.66721,-117.40235,N/A,N/A
2021,Illinois,Drexel,98%,1,1,16,Indianapolis,IN,39.7771,-86.1458,,1,40.110558,-88.228333,N/A,N/A
2021,Baylor,Hartford,98%,1,1,16,Indianapolis,IN,39.7771,-86.1458,,1,31.5416645,-97.1083329,N/A,N/A
2021,Iowa,Grand Canyon,94%,1,2,15,Indianapolis,IN,39.7771,-86.1458,,1,41.65349739,-91.52166458,N/A,N/A
2021,Houston,Cleveland St.,96%,1,2,15,Bloomington,IN,40.4757,-88.9703,,1,29.718922,-95.339162,N/A,N/A
2021,Ohio State,Oral Roberts,94%,0,2,15,West Lafayette,IN,40.4432,-86.9238,,1,39.999387,-83.02271,36.05056,-95.95245
2021,Alabama,Iona,95%,1,2,15,Indianapolis,IN,39.7771,-86.1458,,1,33.215775,-87.538261,N/A,N/A
2021,Michigan,Texas Southern,96%,1,1,16,West Lafayette,IN,40.4432,-86.9238,,1,42.283,-83.735,N/A,N/A
2021,Virginia,Ohio,86%,0,4,13,Bloomington,IN,40.4757,-88.9703,,1,38.033554,-78.50798,N/A,N/A
2021,Kansas,Eastern Washington,83%,1,3,14,Indianapolis,IN,39.7771,-86.1458,,1,38.95216286,-95.25599898,N/A,N/A
2021,Texas,Abilene Christian,85%,0,3,14,Indianapolis,IN,39.7771,-86.1458,,1,30.28614,-97.73942,N/A,N/A
2021,Florida State,UNC Greensboro,83%,1,4,13,Indianapolis,IN,39.7771,-86.1458,,1,30.43766492,-84.28816551,N/A,N/A
2021,W. Virginia,Morehead St.,91%,1,3,14,Indianapolis,IN,39.7771,-86.1458,,1,39.63582,-79.95453,N/A,N/A
2021,Wisconsin,UNC,55%,1,9,8,West Lafayette,IN,40.4432,-86.9238,,1,43.075,-89.417222,35.904613,-79.046761
2021,Purdue,North Texas,81%,0,4,13,Indianapolis,IN,39.7771,-86.1458,,1,40.424,-86.929,N/A,N/A
2021,Texas Tech,Utah St.,67%,1,6,11,Bloomington,IN,40.4757,-88.9703,,1,33.58483,-101.87999,41.73774872,-111.8086984
2021,Creighton,UC Santa Barbara,82%,1,5,12,Indianapolis,IN,39.7771,-86.1458,,1,41.25886896,-95.94322956,N/A,N/A
2021,Arkansas,Colgate,76%,1,3,14,Indianapolis,IN,39.7771,-86.1458,,1,36.0687,-94.1748,N/A,N/A
2021,Colorado,Georgetown,70%,1,5,12,Indianapolis,IN,39.7771,-86.1458,,1,40.00399998,-105.2669989,38.907852,-77.072807
2021,USC,Drake,79%,1,6,11,Indianapolis,IN,39.7771,-86.1458,,1,34.02051,-118.28563,N/A,N/A
2021,Tennessee,Oregon St.,74%,0,5,12,Indianapolis,IN,39.7771,-86.1458,,1,35.9509962,-83.92466297,44.564588,-123.275705
2021,SDSU,Syracuse,61%,0,6,11,Indianapolis,IN,39.7771,-86.1458,,1,32.77544,-117.072823,43.03767,-76.13399
2021,UCONN,Maryland,54%,0,7,10,West Lafayette,IN,40.4432,-86.9238,,1,41.80666344,-72.25216566,38.98582939,-76.93732958
2021,LSU,St. Bonaventure,60%,1,8,9,Bloomington,IN,40.4757,-88.9703,,1,30.4145,-91.1783,N/A,N/A
2021,Okla. State,Liberty,80%,1,4,13,Indianapolis,IN,39.7771,-86.1458,,1,36.12600283,-97.0752047,37.35242,-79.18018
2021,BYU,UCLA,57%,0,6,11,Indianapolis,IN,39.7771,-86.1458,,1,40.25038233,-111.6428908,34.06999972,-118.4397899
2021,Villanova,Winthrop,75%,1,5,12,Indianapolis,IN,39.7771,-86.1458,,1,40.034901,-75.337349,N/A,N/A
2021,Loyola Chicago,Georgia Tech,72%,1,8,9,Indianapolis,IN,39.7771,-86.1458,,1,41.9999,-87.6578,N/A,N/A
2021,Oregon,VCU,62%,1,7,10,Indianapolis,IN,39.7771,-86.1458,,1,44.044044,-123.075736,37.5466151,-77.4532558
2021,Rutgers,Clemson,58%,1,10,7,Indianapolis,IN,39.7771,-86.1458,,1,40.741632,-74.17486,34.678284,-82.839174
2021,Florida,Virginia Tech,58%,1,7,10,Indianapolis,IN,39.7771,-86.1458,,1,29.643946,-82.355659,37.2249991,-80.4249983
2021,Missouri,Oklahoma,53%,0,9,8,Indianapolis,IN,39.7771,-86.1458,,1,38.9453,-92.3288,35.205894,-97.445717
2021,Gonzaga,Oklahoma,93%,1,1,8,Indianapolis,IN,39.7771,-86.1458,,2,47.66721,-117.40235,35.205894,-97.445717
2021,Illinois,Loyola Chicago,81%,0,1,8,Indianapolis,IN,39.7771,-86.1458,,2,40.110558,-88.228333,41.9999,-87.6578
2021,Baylor,Wisconsin,69%,1,1,9,Indianapolis,IN,39.7771,-86.1458,,2,31.5416645,-97.1083329,43.075,-89.417222
2021,Houston,Rutgers,74%,1,2,10,Indianapolis,IN,39.7771,-86.1458,,2,29.718922,-95.339162,40.741632,-74.17486
2021,Iowa,Oregon,75%,0,2,7,Indianapolis,IN,39.7771,-86.1458,,2,41.65349739,-91.52166458,44.044044,-123.075736
2021,Alabama,Maryland,64%,1,2,10,Indianapolis,IN,39.7771,-86.1458,,2,33.215775,-87.538261,38.98582939,-76.93732958
2021,Michigan,LSU,60%,1,1,8,Indianapolis,IN,39.7771,-86.1458,,2,42.283,-83.735,30.4145,-91.1783
2021,Texas Tech,Arkansas,51%,0,6,3,Indianapolis,IN,39.7771,-86.1458,,2,33.58483,-101.87999,36.0687,-94.1748
2021,Colorado,Florida State,51%,0,5,4,Indianapolis,IN,39.7771,-86.1458,,2,40.00399998,-105.2669989,30.43766492,-84.28816551
2021,Creighton,Ohio,80%,1,5,13,Indianapolis,IN,39.7771,-86.1458,,2,41.25886896,-95.94322956,N/A,N/A
2021,W. Virginia,Syracuse,57%,0,3,11,Indianapolis,IN,39.7771,-86.1458,,2,39.63582,-79.95453,43.03767,-76.13399
2021,USC,Kansas,54%,1,6,3,Indianapolis,IN,39.7771,-86.1458,,2,34.02051,-118.28563,38.95216286,-95.25599898
2021,Villanova,North Texas,70%,1,5,13,Indianapolis,IN,39.7771,-86.1458,,2,40.034901,-75.337349,N/A,N/A
2021,Okla. State,Oregon St.,63%,0,4,12,Indianapolis,IN,39.7771,-86.1458,,2,36.12600283,-97.0752047,44.564588,-123.275705
2021,UCLA,Abilene Christian,75%,1,11,14,Indianapolis,IN,39.7771,-86.1458,,2,34.06999972,-118.4397899,N/A,N/A
2021,Florida,Oral Roberts,82%,0,7,15,Indianapolis,IN,39.7771,-86.1458,,2,29.643946,-82.355659,36.05056,-95.95245
2021,Gonzaga,Creighton,80%,1,1,5,Indianapolis,IN,39.7771,-86.1458,,3,47.66721,-117.40235,41.25886896,-95.94322956
2021,Baylor,Villanova,76%,1,1,5,Indianapolis,IN,39.7771,-86.1458,,3,31.5416645,-97.1083329,40.034901,-75.337349
2021,Houston,Syracuse,70%,1,2,11,Indianapolis,IN,39.7771,-86.1458,,3,29.718922,-95.339162,43.03767,-76.13399
2021,Alabama,UCLA,65%,0,2,11,Indianapolis,IN,39.7771,-86.1458,,3,33.215775,-87.538261,34.06999972,-118.4397899
2021,USC,Oregon,60%,1,6,7,Indianapolis,IN,39.7771,-86.1458,,3,34.02051,-118.28563,44.044044,-123.075736
2021,Michigan,Florida State,53%,1,1,4,Indianapolis,IN,39.7771,-86.1458,,3,42.283,-83.735,30.43766492,-84.28816551
2021,Loyola Chicago,Oregon St.,69%,0,8,12,Indianapolis,IN,39.7771,-86.1458,,3,41.9999,-87.6578,44.564588,-123.275705
2021,Arkansas,Oral Roberts,88%,1,3,15,Indianapolis,IN,39.7771,-86.1458,,3,36.0687,-94.1748,36.05056,-95.95245
2021,Gonzaga,USC,75%,1,1,6,Indianapolis,IN,39.7771,-86.1458,,4,47.66721,-117.40235,34.02051,-118.28563
2021,Baylor,Arkansas,75%,1,1,3,Indianapolis,IN,39.7771,-86.1458,,4,31.5416645,-97.1083329,36.0687,-94.1748
2021,Houston,Oregon St.,73%,1,2,12,Indianapolis,IN,39.7771,-86.1458,,4,29.718922,-95.339162,44.564588,-123.275705
2021,Michigan,UCLA,62%,0,1,11,Indianapolis,IN,39.7771,-86.1458,,4,42.283,-83.735,34.06999972,-118.4397899
2021,Gonzaga,UCLA,83%,1,1,11,Indianapolis,IN,39.7771,-86.1458,,5,47.66721,-117.40235,34.06999972,-118.4397899
2021,Baylor,Houston,59%,1,1,2,Indianapolis,IN,39.7771,-86.1458,,5,31.5416645,-97.1083329,29.718922,-95.339162
2021,Gonzaga,Baylor,55%,0,1,1,Indianapolis,IN,39.7771,-86.1458,,6,47.66721,-117.40235,31.5416645,-97.1083329
2019,Duke,North Dakota St.,99%,1,1,16,Columbia,SC,34.0378,-80.9036,,1,36.00066666,-78.93666292,N/A,N/A
2019,Virginia,Gardner-Webb,98%,1,1,16,Columbia,SC,34.0378,-80.9036,,1,38.033554,-78.50798,N/A,N/A
2019,Gonzaga,FDU,99%,1,1,16,Salt Lake City,UT,40.7776,-111.9311,,1,47.66721,-117.40235,40.897967,-74.029278
2019,UNC,Iona,98%,1,1,16,Columbus,OH,39.9862,-82.9855,,1,35.904613,-79.046761,N/A,N/A
2019,Michigan St.,Bradley,96%,1,2,15,Des Moines,IA,41.5725,-93.6105,,1,42.723387,-84.481366,N/A,N/A
2019,Kentucky,Abilene Christian,97%,1,2,15,Jacksonville,FL,30.3322,-81.6749,,1,38.0333332,-84.499998,N/A,N/A
2019,Tennessee,Colgate,95%,1,2,15,Columbus,OH,39.9862,-82.9855,,1,35.9509962,-83.92466297,N/A,N/A
2019,Michigan,Montana,94%,1,2,15,Des Moines,IA,41.5725,-93.6105,,1,42.283,-83.735,N/A,N/A
2019,Texas Tech,Northern Kentucky,91%,1,3,14,Tulsa,OK,36.1283,-95.9042,,1,33.58483,-101.87999,N/A,N/A
2019,Purdue,Old Dominion,88%,1,3,14,Hartford,CT,41.7661,-72.6834,,1,40.424,-86.929,N/A,N/A
2019,Virginia Tech,St. Louis,89%,1,4,13,San Jose,CA,37.3012,-121.848,,1,37.2249991,-80.4249983,N/A,N/A
2019,Auburn,New Mexico St.,77%,1,5,12,Salt Lake City,UT,40.7776,-111.9311,,1,32.593357,-85.495163,34,-106
2019,Houston,Georgia St.,89%,1,3,14,Tulsa,OK,36.1283,-95.9042,,1,29.718922,-95.339162,33.75278,-84.38611
2019,Florida State,Vermont,79%,1,4,13,Hartford,CT,41.7661,-72.6834,,1,30.43766492,-84.28816551,N/A,N/A
2019,Kansas,Northeastern,83%,1,4,13,Salt Lake City,UT,40.7776,-111.9311,,1,38.95216286,-95.25599898,N/A,N/A
2019,Iowa State,Ohio State,67%,0,6,11,Tulsa,OK,36.1283,-95.9042,,1,42.023949,-93.647595,39.999387,-83.02271
2019,Wisconsin,Oregon,60%,0,5,12,San Jose,CA,37.3012,-121.848,,1,43.075,-89.417222,44.044044,-123.075736
2019,Villanova,Saint Mary's,75%,1,6,11,Hartford,CT,41.7661,-72.6834,,1,40.034901,-75.337349,N/A,N/A
2019,Kansas State,UC Irvine,77%,0,4,13,San Jose,CA,37.3012,-121.848,,1,39.18833258,-96.57516437,N/A,N/A
2019,LSU,Yale,84%,1,3,14,Jacksonville,FL,30.3322,-81.6749,,1,30.4145,-91.1783,41.30666544,-72.92266298
2019,Cincinnati,Iowa,68%,0,7,10,Columbus,OH,39.9862,-82.9855,,1,39.132024,-84.515548,41.65349739,-91.52166458
2019,Louisville,Minnesota,68%,0,7,10,Des Moines,IA,41.5725,-93.6105,,1,38.20901236,-85.75613078,44.97182945,-93.2338324
2019,Nevada,Florida,58%,0,7,10,Des Moines,IA,41.5725,-93.6105,,1,39.54083117,-119.8166634,29.643946,-82.355659
2019,Maryland,Belmont,62%,1,6,11,Jacksonville,FL,30.3322,-81.6749,,1,38.98582939,-76.93732958,N/A,N/A
2019,Buffalo,Arizona St.,66%,1,6,11,Tulsa,OK,36.1283,-95.9042,,1,42.99282936,-78.77316357,33.41933166,-111.925663
2019,Miss. State,Liberty,79%,0,5,12,San Jose,CA,37.3012,-121.848,,1,33.453747,-88.790049,37.35242,-79.18018
2019,Marquette,Murray St.,64%,0,5,12,Hartford,CT,41.7661,-72.6834,,1,43.038,-87.928,N/A,N/A
2019,Wofford,Seton Hall,63%,1,7,10,Jacksonville,FL,30.3322,-81.6749,,1,34.959,-81.935,40.743144,-74.246635
2019,Syracuse,Baylor,60%,0,8,9,Salt Lake City,UT,40.7776,-111.9311,,1,43.03767,-76.13399,31.5416645,-97.1083329
2019,Oklahoma,Ole Miss,53%,1,9,8,Columbia,SC,34.0378,-80.9036,,1,35.205894,-97.445717,34.3663,-89.5368
2019,Utah State,Washington,51%,0,8,9,Columbus,OH,39.9862,-82.9855,,1,41.73774872,-111.8086984,47.659878,-122.305968
2019,VCU,UCF,50%,0,8,9,Columbia,SC,34.0378,-80.9036,,1,37.5466151,-77.4532558,N/A,N/A
2019,Duke,UCF,91%,1,1,9,Columbia,SC,34.0378,-80.9036,,2,36.00066666,-78.93666292,N/A,N/A
2019,Virginia,Oklahoma,88%,1,1,9,Columbia,SC,34.0378,-80.9036,,2,38.033554,-78.50798,35.205894,-97.445717
2019,Gonzaga,Baylor,91%,1,1,9,Salt Lake City,UT,40.7776,-111.9311,,2,47.66721,-117.40235,31.5416645,-97.1083329
2019,UNC,Washington,87%,1,1,9,Columbus,OH,39.9862,-82.9855,,2,35.904613,-79.046761,47.659878,-122.305968
2019,Michigan St.,Minnesota,83%,1,2,10,Des Moines,IA,41.5725,-93.6105,,2,42.723387,-84.481366,44.97182945,-93.2338324
2019,Tennessee,Iowa,80%,1,2,10,Columbus,OH,39.9862,-82.9855,,2,35.9509962,-83.92466297,41.65349739,-91.52166458
2019,Kentucky,Wofford,72%,1,2,7,Jacksonville,FL,30.3322,-81.6749,,2,38.0333332,-84.499998,34.959,-81.935
2019,Michigan,Florida,76%,1,2,10,Des Moines,IA,41.5725,-93.6105,,2,42.283,-83.735,29.643946,-82.355659
2019,Texas Tech,Buffalo,67%,1,3,6,Tulsa,OK,36.1283,-95.9042,,2,33.58483,-101.87999,N/A,N/A
2019,Purdue,Villanova,53%,1,3,6,Hartford,CT,41.7661,-72.6834,,2,40.424,-86.929,40.034901,-75.337349
2019,Virginia Tech,Liberty,86%,1,4,12,San Jose,CA,37.3012,-121.848,,2,37.2249991,-80.4249983,37.35242,-79.18018
2019,Auburn,Kansas,56%,1,5,4,Salt Lake City,UT,40.7776,-111.9311,,2,32.593357,-85.495163,38.95216286,-95.25599898
2019,Houston,Ohio State,72%,1,3,11,Tulsa,OK,36.1283,-95.9042,,2,29.718922,-95.339162,39.999387,-83.02271
2019,Florida State,Murray St.,70%,1,4,12,Hartford,CT,41.7661,-72.6834,,2,30.43766492,-84.28816551,N/A,N/A
2019,LSU,Maryland,56%,1,3,6,Jacksonville,FL,30.3322,-81.6749,,2,30.4145,-91.1783,38.98582939,-76.93732958
2019,Oregon,UC-Irvine,69%,1,12,13,San Jose,CA,37.3012,-121.848,,2,44.044044,-123.075736,N/A,N/A
2019,Duke,Virginia Tech,75%,1,1,4,Washington,DC,38.9047,-77.0163,,3,36.00066666,-78.93666292,37.2249991,-80.4249983
2019,Virginia,Oregon,87%,1,1,12,Louisville,KY,38.1663,-85.6485,,3,38.033554,-78.50798,44.044044,-123.075736
2019,Gonzaga,Florida State,74%,1,1,4,Anaheim,CA,33.839,-117.8574,,3,47.66721,-117.40235,30.43766492,-84.28816551
2019,UNC,Auburn,62%,0,1,5,Kansas City,MO,39.1238,-94.5541,,3,35.904613,-79.046761,32.593357,-85.495163
2019,Michigan St.,LSU,74%,1,2,3,Washington,DC,38.9047,-77.0163,,3,42.723387,-84.481366,30.4145,-91.1783
2019,Tennessee,Purdue,51%,0,2,3,Louisville,KY,38.1663,-85.6485,,3,35.9509962,-83.92466297,40.424,-86.929
2019,Kentucky,Houston,56%,1,2,3,Kansas City,MO,39.1238,-94.5541,,3,38.0333332,-84.499998,29.718922,-95.339162
2019,Texas Tech,Michigan,51%,1,3,2,Anaheim,CA,33.839,-117.8574,,3,33.58483,-101.87999,42.283,-83.735
2019,Duke,Michigan St.,67%,0,1,2,Washington,DC,38.9047,-77.0163,,4,36.00066666,-78.93666292,42.723387,-84.481366
2019,Virginia,Purdue,64%,1,1,3,Louisville,KY,38.1663,-85.6485,,4,38.033554,-78.50798,40.424,-86.929
2019,Gonzaga,Texas Tech,63%,0,1,3,Anaheim,CA,33.839,-117.8574,,4,47.66721,-117.40235,33.58483,-101.87999
2019,Kentucky,Auburn,63%,0,2,5,Kansas City,MO,39.1238,-94.5541,,4,38.0333332,-84.499998,32.593357,-85.495163
2019,Virginia,Auburn,73%,1,1,5,Minneapolis,MN,44.9635,-93.2678,,5,38.033554,-78.50798,32.593357,-85.495163
2019,Michigan St.,Texas Tech,54%,0,2,3,Minneapolis,MN,44.9635,-93.2678,,5,42.723387,-84.481366,33.58483,-101.87999
2019,Virginia,Texas Tech,55%,1,1,3,Minneapolis,MN,44.9635,-93.2678,,6,38.033554,-78.50798,33.58483,-101.87999
2018,Villanova,Rafford,98%,1,1,16,Pittsburgh,PA,40.4397,-79.9763,,1,40.034901,-75.337349,N/A,N/A
2018,Virginia,UMBC,98%,0,1,16,Charlotte,NC,42.5662,-84.8304,,1,38.033554,-78.50798,N/A,N/A
2018,Duke,Iona,96%,1,2,15,Wichita,KS,37.6895,-97.3443,,1,36.00066666,-78.93666292,N/A,N/A
2018,Kansas,Penn,95%,1,1,16,Wichita,KS,37.6895,-97.3443,,1,38.95216286,-95.25599898,N/A,N/A
2018,Michigan St.,Bucknell,92%,1,3,14,Detroit,MI,42.3834,-83.1024,,1,42.723387,-84.481366,N/A,N/A
2018,Cincinnati,Georgia St.,93%,1,2,15,Nashville ,TN,36.1715,-86.7842,,1,39.132024,-84.515548,33.75278,-84.38611
2018,Purdue,CSU-Full.,98%,1,2,15,Detroit,MI,42.3834,-83.1024,,1,40.424,-86.929,N/A,N/A
2018,UNC,Lipscomb,96%,1,2,15,Charlotte,NC,42.5662,-84.8304,,1,35.904613,-79.046761,N/A,N/A
2018,Gonzaga,UNC Greensboro,92%,1,4,13,Boise,ID,43.6005,-116.2308,,1,47.66721,-117.40235,N/A,N/A
2018,Xavier,Texas Southern,97%,1,1,16,Nashville ,TN,36.1715,-86.7842,,1,39.14868,-84.47799,N/A,N/A
2018,Michigan,Montana,89%,1,3,14,Wichita,KS,37.6895,-97.3443,,1,42.283,-83.735,N/A,N/A
2018,Kentucky,Davidson,76%,1,5,12,Boise,ID,43.6005,-116.2308,,1,38.0333332,-84.499998,35.49999,-80.845296
2018,Tennessee,Wright State,91%,1,3,14,Dallas,TX,32.7935,-96.7667,,1,35.9509962,-83.92466297,N/A,N/A
2018,W. Virginia,Murray St.,84%,1,5,12,San Diego,CA,32.8313,-117.1222,,1,39.63582,-79.95453,N/A,N/A
2018,Wichita St.,Marshall,91%,0,4,13,San Diego,CA,32.8313,-117.1222,,1,37.71816379,-97.28916551,N/A,N/A
2018,Arizona,Buffalo,85%,0,4,13,Boise,ID,43.6005,-116.2308,,1,32.248814,-110.987419,N/A,N/A
2018,Houston,SDSU,72%,1,6,11,Wichita,KS,37.6895,-97.3443,,1,29.718922,-95.339162,32.77544,-117.072823
2018,Texas Tech,SF Austin,89%,1,3,14,Dallas,TX,32.7935,-96.7667,,1,33.58483,-101.87999,N/A,N/A
2018,Florida,St. Bonaventure,72%,1,6,11,Dallas,TX,32.7935,-96.7667,,1,29.643946,-82.355659,N/A,N/A
2018,Ohio State,South Dakota St.,77%,1,5,12,Boise,ID,43.6005,-116.2308,,1,39.999387,-83.02271,N/A,N/A
2018,TCU,Syracuse,56%,0,6,11,Detroit,MI,42.3834,-83.1024,,1,32.709605,-97.362823,43.03767,-76.13399
2018,Seton Hall,NC State,63%,1,8,9,Wichita,KS,37.6895,-97.3443,,1,40.743144,-74.246635,35.785548,-78.67157
2018,Auburn,Charleston,80%,1,4,13,San Diego,CA,32.8313,-117.1222,,1,32.593357,-85.495163,N/A,N/A
2018,Butler,Arkansas,60%,1,10,7,Detroit,MI,42.3834,-83.1024,,1,39.83699665,-86.16949932,36.0687,-94.1748
2018,Clemson,New Mexico St.,62%,1,5,12,San Diego,CA,32.8313,-117.1222,,1,34.678284,-82.839174,34,-106
2018,Texas A&M,Providence,58%,1,7,10,Charlotte,NC,42.5662,-84.8304,,1,30.610369,-96.344056,41.83932998,-71.43411493
2018,Miami,Loyola Chicago,60%,0,6,11,Dallas,TX,32.7935,-96.7667,,1,25.721644,-80.279267,41.9999,-87.6578
2018,Florida State,Missouri,71%,1,9,8,Nashville ,TN,36.1715,-86.7842,,1,30.43766492,-84.28816551,38.9453,-92.3288
2018,Texas,Nevada,60%,0,10,7,Nashville ,TN,36.1715,-86.7842,,1,30.28614,-97.73942,39.54083117,-119.8166634
2018,Creighton,Kansas State,58%,0,8,9,Charlotte,NC,42.5662,-84.8304,,1,41.25886896,-95.94322956,39.18833258,-96.57516437
2018,Virginia Tech,Alabama,59%,0,8,9,Wichita,KS,37.6895,-97.3443,,1,37.2249991,-80.4249983,33.215775,-87.538261
2018,Rhode Island,Oklahoma,58%,1,7,10,Pittsburgh,PA,40.4397,-79.9763,,1,41.48071,-71.5258,35.205894,-97.445717
2018,Villanova,Alabama,90%,1,1,9,Pittsburgh,PA,40.4397,-79.9763,,2,40.034901,-75.337349,33.215775,-87.538261
2018,Duke,Rhode Island,84%,1,2,7,Pittsburgh,PA,40.4397,-79.9763,,2,36.00066666,-78.93666292,N/A,N/A
2018,Cincinnati,Nevada,87%,0,2,7,Nashville ,TN,36.1715,-86.7842,,2,39.132024,-84.515548,39.54083117,-119.8166634
2018,Kansas,Seton Hall,78%,1,1,8,Wichita,KS,37.6895,-97.3443,,2,38.95216286,-95.25599898,40.743144,-74.246635
2018,Michigan St.,Syracuse,83%,0,3,11,Detroit,MI,42.3834,-83.1024,,2,42.723387,-84.481366,43.03767,-76.13399
2018,UNC,Texas A&M,81%,0,2,7,Charlotte,NC,42.5662,-84.8304,,2,35.904613,-79.046761,30.610369,-96.344056
2018,Gonzaga,Ohio State,73%,1,4,5,Boise,ID,43.6005,-116.2308,,2,47.66721,-117.40235,39.999387,-83.02271
2018,Kentucky,Buffalo,71%,1,5,13,Boise,ID,43.6005,-116.2308,,2,38.0333332,-84.499998,N/A,N/A
2018,Purdue,Butler,66%,1,2,10,Detroit,MI,42.3834,-83.1024,,2,40.424,-86.929,39.83699665,-86.16949932
2018,Xavier,Florida State,71%,0,1,9,Nashville ,TN,36.1715,-86.7842,,2,39.14868,-84.47799,30.43766492,-84.28816551
2018,Michigan,Houston,58%,1,3,6,Wichita,KS,37.6895,-97.3443,,2,42.283,-83.735,29.718922,-95.339162
2018,W. Virginia,Marshall,87%,1,5,13,San Diego,CA,32.8313,-117.1222,,2,39.63582,-79.95453,N/A,N/A
2018,Tennessee,Loyola Chicago,73%,0,3,11,Dallas,TX,32.7935,-96.7667,,2,35.9509962,-83.92466297,41.9999,-87.6578
2018,Texas Tech,Florida,56%,1,3,6,Dallas,TX,32.7935,-96.7667,,2,33.58483,-101.87999,29.643946,-82.355659
2018,Kansas State,UMBC,72%,1,9,16,Charlotte,NC,42.5662,-84.8304,,2,39.18833258,-96.57516437,N/A,N/A
2018,Clemson,Auburn,53%,1,5,4,San Diego,CA,32.8313,-117.1222,,2,34.678284,-82.839174,32.593357,-85.495163
2018,Villanova,W. Virginia,70%,1,1,5,Boston,MA,42.3188,-71.0852,,3,40.034901,-75.337349,39.63582,-79.95453
2018,Duke,Syracuse,85%,1,2,11,Omaha,NE,41.2627,-96.0529,,3,36.00066666,-78.93666292,43.03767,-76.13399
2018,Kentucky,Kansas State,71%,0,5,9,Atlanta,GA,33.7628,-84.422,,3,38.0333332,-84.499998,39.18833258,-96.57516437
2018,Kansas,Clemson,73%,1,1,5,Omaha,NE,41.2627,-96.0529,,3,38.95216286,-95.25599898,34.678284,-82.839174
2018,Gonzaga,Florida State,72%,0,4,9,Los Angeles,CA,34.1141,-118.4068,,3,47.66721,-117.40235,30.43766492,-84.28816551
2018,Michigan,Texas A&M,52%,1,3,7,Los Angeles,CA,34.1141,-118.4068,,3,42.283,-83.735,30.610369,-96.344056
2018,Purdue,Texas Tech,62%,0,2,3,Boston,MA,42.3188,-71.0852,,3,40.424,-86.929,33.58483,-101.87999
2018,Nevada,Loyola Chicago,51%,0,7,11,Atlanta,GA,33.7628,-84.422,,3,39.54083117,-119.8166634,41.9999,-87.6578
2018,Villanova,Texas Tech,83%,1,1,3,Boston,MA,42.3188,-71.0852,,4,40.034901,-75.337349,33.58483,-101.87999
2018,Duke,Kansas,54%,0,2,1,Omaha,NE,41.2627,-96.0529,,4,36.00066666,-78.93666292,38.95216286,-95.25599898
2018,Michigan,Florida State,67%,1,3,9,Los Angeles,CA,34.1141,-118.4068,,4,42.283,-83.735,30.43766492,-84.28816551
2018,Kansas State,Loyola Chicago,66%,0,9,11,Atlanta,GA,33.7628,-84.422,,4,39.18833258,-96.57516437,41.9999,-87.6578
2018,Villanova,Kansas,64%,1,1,1,San Antonio,TX,29.4632,-98.5238,,5,40.034901,-75.337349,38.95216286,-95.25599898
2018,Michigan,Loyola Chicago,69%,1,3,11,San Antonio,TX,29.4632,-98.5238,,5,42.283,-83.735,41.9999,-87.6578
2018,Villanova,Michigan,64%,1,1,3,San Antonio,TX,29.4632,-98.5238,,6,40.034901,-75.337349,42.283,-83.735
2017,Villanova,M. St. Mary's,99%,1,1,16,Buffalo,NY,42.9018,-78.8487,,1,40.034901,-75.337349,N/A,N/A
2017,Gonzaga,South Dakota St.,98%,1,1,16,Salt Lake City,UT,40.7776,-111.9311,,1,47.66721,-117.40235,N/A,N/A
2017,Kansas,UC-Davis,98%,1,1,16,Tulsa,OK,36.1283,-95.9042,,1,38.95216286,-95.25599898,N/A,N/A
2017,Kentucky,Northern Kentucky,97%,1,2,15,Indianapolis,IN,39.7771,-86.1458,,1,38.0333332,-84.499998,N/A,N/A
2017,UNC,Texas Southern,98%,1,1,16,Greenville,SC,34.8354,-82.3646,,1,35.904613,-79.046761,N/A,N/A
2017,Duke,Troy,97%,1,2,15,Greenville,SC,34.8354,-82.3646,,1,36.00066666,-78.93666292,N/A,N/A
2017,Louisville,Jacksonville State,97%,1,2,15,Indianapolis,IN,39.7771,-86.1458,,1,38.20901236,-85.75613078,N/A,N/A
2017,Arizona,North Dakota,95%,1,2,15,Salt Lake City,UT,40.7776,-111.9311,,1,32.248814,-110.987419,N/A,N/A
2017,W. Virginia,Bucknell,90%,1,4,13,Buffalo,NY,42.9018,-78.8487,,1,39.63582,-79.95453,N/A,N/A
2017,Virginia,UNC-Wilmington,84%,1,5,12,Orlando,FL,36.1355,-97.3654,,1,38.033554,-78.50798,N/A,N/A
2017,UCLA,Kent St.,94%,1,3,14,Sacramento,CA,38.5677,-121.4685,,1,34.06999972,-118.4397899,N/A,N/A
2017,St. Mary's,VCU,76%,1,7,10,Salt Lake City,UT,40.7776,-111.9311,,1,37.5029,-122.0633,37.5466151,-77.4532558
2017,Purdue,Vermont,86%,1,4,13,Milwaukee,WI,43.0642,-87.9675,,1,40.424,-86.929,N/A,N/A
2017,Wichita St.,Dayton,69%,1,10,7,Indianapolis,IN,39.7771,-86.1458,,1,37.71816379,-97.28916551,39.73766372,-84.17466597
2017,SMU,USC,80%,0,6,11,Tulsa,OK,36.1283,-95.9042,,1,32.844114,-96.784874,34.02051,-118.28563
2017,Iowa State,Nevada,83%,1,5,12,Milwaukee,WI,43.0642,-87.9675,,1,42.023949,-93.647595,39.54083117,-119.8166634
2017,Baylor,New Mexico St.,90%,1,3,14,Tulsa,OK,36.1283,-95.9042,,1,31.5416645,-97.1083329,34,-106
2017,Oregon,Iona,92%,1,3,14,Sacramento,CA,38.5677,-121.4685,,1,44.044044,-123.075736,N/A,N/A
2017,Butler,Winthrop,89%,1,4,13,Milwaukee,WI,43.0642,-87.9675,,1,39.83699665,-86.16949932,N/A,N/A
2017,Florida,East Tennessee St.,87%,1,4,13,Orlando,FL,36.1355,-97.3654,,1,29.643946,-82.355659,N/A,N/A
2017,Florida State,FGCU,88%,1,3,14,Orlando,FL,36.1355,-97.3654,,1,30.43766492,-84.28816551,26.462499,-81.772898
2017,Cincinnati,Kansas State,61%,1,6,11,Sacramento,CA,38.5677,-121.4685,,1,39.132024,-84.515548,39.18833258,-96.57516437
2017,Wisconsin,Virginia Tech,79%,1,8,9,Buffalo,NY,42.9018,-78.8487,,1,43.075,-89.417222,37.2249991,-80.4249983
2017,Michigan,Okla. State,63%,1,7,10,Indianapolis,IN,39.7771,-86.1458,,1,42.283,-83.735,36.12600283,-97.0752047
2017,Notre Dame,Princeton,75%,1,5,12,Buffalo,NY,42.9018,-78.8487,,1,41.69928,-86.238899,40.34873,-74.65931
2017,Creighton,Rhode Island,56%,0,6,11,Sacramento,CA,38.5677,-121.4685,,1,41.25886896,-95.94322956,N/A,N/A
2017,Miami,Michigan St.,55%,0,8,9,Tulsa,OK,36.1283,-95.9042,,1,25.721644,-80.279267,42.723387,-84.481366
2017,Arkansas,Seton Hall,51%,1,8,9,Greenville,SC,34.8354,-82.3646,,1,36.0687,-94.1748,40.743144,-74.246635
2017,Vanderbilt,Northwestern,55%,0,9,8,Salt Lake City,UT,40.7776,-111.9311,,1,36.148649,-86.804972,42.054853,-87.673945
2017,S. Carolina,Marquette,57%,1,7,10,Greenville,SC,34.8354,-82.3646,,1,33.99182937,-81.02183325,43.038,-87.928
2017,Maryland,Xavier,51%,0,6,11,Orlando,FL,36.1355,-97.3654,,1,38.98582939,-76.93732958,39.14868,-84.47799
2017,Minnesota,Middle Tennessee,52%,0,5,12,Milwaukee,WI,43.0642,-87.9675,,1,44.97182945,-93.2338324,N/A,N/A
2017,Gonzaga,Northwestern,88%,1,1,8,Salt Lake City,UT,40.7776,-111.9311,,2,47.66721,-117.40235,42.054853,-87.673945
2017,UNC,Arkansas,82%,1,1,8,Greenville,SC,34.8354,-82.3646,,2,35.904613,-79.046761,36.0687,-94.1748
2017,Kansas,Michigan St.,81%,1,1,9,Tulsa,OK,36.1283,-95.9042,,2,38.95216286,-95.25599898,42.723387,-84.481366
2017,Villanova,Wisconsin,79%,0,1,8,Buffalo,NY,42.9018,-78.8487,,2,40.034901,-75.337349,43.075,-89.417222
2017,Duke,S. Carolina,78%,0,2,7,Greenville,SC,34.8354,-82.3646,,2,36.00066666,-78.93666292,33.99182937,-81.02183325
2017,Baylor,USC,76%,1,3,11,Tulsa,OK,36.1283,-95.9042,,2,31.5416645,-97.1083329,34.02051,-118.28563
2017,Butler,Middle Tennessee,70%,1,4,12,Milwaukee,WI,43.0642,-87.9675,,2,39.83699665,-86.16949932,N/A,N/A
2017,Florida State,Xavier,70%,0,3,11,Orlando,FL,36.1355,-97.3654,,2,30.43766492,-84.28816551,39.14868,-84.47799
2017,W. Virginia,Notre Dame,69%,1,4,5,Buffalo,NY,42.9018,-78.8487,,2,39.63582,-79.95453,41.69928,-86.238899
2017,Oregon,Rhode Island,68%,1,3,11,Sacramento,CA,38.5677,-121.4685,,2,44.044044,-123.075736,N/A,N/A
2017,Kentucky,Wichita St.,67%,1,2,10,Indianapolis,IN,39.7771,-86.1458,,2,38.0333332,-84.499998,37.71816379,-97.28916551
2017,Louisville,Michigan,67%,0,2,7,Indianapolis,IN,39.7771,-86.1458,,2,38.20901236,-85.75613078,42.283,-83.735
2017,UCLA,Cincinnati,61%,1,3,6,Sacramento,CA,38.5677,-121.4685,,2,34.06999972,-118.4397899,39.132024,-84.515548
2017,Arizona,St. Mary's,55%,1,2,7,Salt Lake City,UT,40.7776,-111.9311,,2,32.248814,-110.987419,N/A,N/A
2017,Purdue,Iowa State,54%,1,4,5,Milwaukee,WI,43.0642,-87.9675,,2,40.424,-86.929,42.023949,-93.647595
2017,Virginia,Florida,53%,0,5,4,Orlando,FL,36.1355,-97.3654,,2,38.033554,-78.50798,29.643946,-82.355659
2017,Kansas,Purdue,70%,1,1,4,Kansas City,MO,39.1238,-94.5541,,3,38.95216286,-95.25599898,40.424,-86.929
2017,UNC,Butler,68%,1,1,4,Memphis,TN,35.1087,-89.9663,,3,35.904613,-79.046761,39.83699665,-86.16949932
2017,Arizona,Xavier,68%,0,2,11,San Jose,CA,37.3012,-121.848,,3,32.248814,-110.987419,39.14868,-84.47799
2017,Kentucky,UCLA,68%,1,2,3,Memphis,TN,35.1087,-89.9663,,3,38.0333332,-84.499998,34.06999972,-118.4397899
2017,Gonzaga,W. Virginia,66%,1,1,4,San Jose,CA,37.3012,-121.848,,3,47.66721,-117.40235,39.63582,-79.95453
2017,Michigan,Oregon,57%,0,7,3,Kansas City,MO,39.1238,-94.5541,,3,42.283,-83.735,44.044044,-123.075736
2017,Baylor,S. Carolina,56%,0,3,7,New York,NY,40.6943,-73.9249,,3,31.5416645,-97.1083329,33.99182937,-81.02183325
2017,Florida,Wisconsin,54%,1,4,8,New York,NY,40.6943,-73.9249,,3,29.643946,-82.355659,43.075,-89.417222
2017,Kansas,Oregon,82%,0,1,3,Kansas City,MO,39.1238,-94.5541,,4,38.95216286,-95.25599898,44.044044,-123.075736
2017,Gonzaga,Xavier,78%,1,1,11,San Jose,CA,37.3012,-121.848,,4,47.66721,-117.40235,39.14868,-84.47799
2017,Florida,S. Carolina,59%,0,4,7,New York,NY,40.6943,-73.9249,,4,29.643946,-82.355659,33.99182937,-81.02183325
2017,Kentucky,UNC,56%,0,2,1,Memphis,TN,35.1087,-89.9663,,4,38.0333332,-84.499998,35.904613,-79.046761
2017,Gonzaga,S. Carolina,69%,1,1,7,Glendale,AZ,33.5791,-112.2311,,5,47.66721,-117.40235,33.99182937,-81.02183325
2017,UNC,Oregon,52%,1,1,3,Glendale,AZ,33.5791,-112.2311,,5,35.904613,-79.046761,44.044044,-123.075736
2017,Gonzaga,UNC,62%,0,1,1,Glendale,AZ,33.5791,-112.2311,,6,47.66721,-117.40235,35.904613,-79.046761
2016,Kansas,Austin Peay,99%,1,1,16,Des Moines,IA,41.5725,-93.6105,,1,38.95216286,-95.25599898,N/A,N/A
2016,UNC,FGCU,98%,1,1,16,Raleigh,NC,35.8324,-78.6429,,1,35.904613,-79.046761,26.462499,-81.772898
2016,Virginia,Hampton,98%,1,1,16,Raleigh,NC,35.8324,-78.6429,,1,38.033554,-78.50798,N/A,N/A
2016,Oregon,Holy Cross,98%,1,1,16,Spokane,WA,47.6671,-117.433,,1,44.044044,-123.075736,N/A,N/A
2016,Villanova,UNC Asheville,96%,1,2,15,Brooklyn,NY,40.6501,-73.9496,,1,40.034901,-75.337349,N/A,N/A
2016,Oklahoma,CSU Bakers,96%,1,2,15,Oklahoma City,OK,35.4676,-97.5136,,1,35.205894,-97.445717,N/A,N/A
2016,Michigan St.,Middle Tennessee,95%,0,2,15,St. Louis,MO,38.6359,-90.2451,,1,42.723387,-84.481366,N/A,N/A
2016,Xavier,Weber State,94%,1,2,15,St. Louis,MO,38.6359,-90.2451,,1,39.14868,-84.47799,N/A,N/A
2016,Kentucky,Stony Brook,93%,1,4,13,Des Moines,IA,41.5725,-93.6105,,1,38.0333332,-84.499998,N/A,N/A
2016,Texas A&M,Green Bay,88%,1,3,14,Oklahoma City,OK,35.4676,-97.5136,,1,30.610369,-96.344056,N/A,N/A
2016,Indiana,Chattanooga,88%,1,5,12,Des Moines,IA,41.5725,-93.6105,,1,39.167322,-86.521414,N/A,N/A
2016,Utah,Fresno State,87%,1,3,14,Denver,CO,39.762,-104.8758,,1,40.75899696,-111.8500099,N/A,N/A
2016,Miami,Buffalo,86%,1,3,14,Providence,RI,41.823,-71.4187,,1,25.721644,-80.279267,N/A,N/A
2016,W. Virginia,SF Austin,85%,0,3,14,Brooklyn,NY,40.6501,-73.9496,,1,39.63582,-79.95453,N/A,N/A
2016,Duke,UNC-Wilmington,85%,1,4,13,Providence,RI,41.823,-71.4187,,1,36.00066666,-78.93666292,N/A,N/A
2016,Purdue,Arkansas Little Rock,84%,0,5,12,Denver,CO,39.762,-104.8758,,1,40.424,-86.929,34.73499706,-92.32533203
2016,Iowa State,Iona,84%,1,4,13,Denver,CO,39.762,-104.8758,,1,42.023949,-93.647595,N/A,N/A
2016,California,Hawaii,83%,0,4,13,Spokane,WA,47.6671,-117.433,,1,37.87196,-122.259094,N/A,N/A
2016,Maryland,South Dakota St.,79%,1,5,12,Spokane,WA,47.6671,-117.433,,1,38.98582939,-76.93732958,N/A,N/A
2016,VCU,Oregon St.,73%,1,10,7,Oklahoma City,OK,35.4676,-97.5136,,1,37.5466151,-77.4532558,44.564588,-123.275705
2016,Iowa,Temple,72%,1,7,10,Brooklyn,NY,40.6501,-73.9496,,1,41.65349739,-91.52166458,N/A,N/A
2016,Texas,Northern Iowa,70%,0,6,11,Oklahoma City,OK,35.4676,-97.5136,,1,30.28614,-97.73942,N/A,N/A
2016,Butler,Texas Tech,67%,1,9,8,Raleigh,NC,35.8324,-78.6429,,1,39.83699665,-86.16949932,33.58483,-101.87999
2016,Notre Dame,Michigan,66%,1,6,11,Brooklyn,NY,40.6501,-73.9496,,1,41.69928,-86.238899,42.283,-83.735
2016,UCONN,Colorado,64%,1,9,8,Des Moines,IA,41.5725,-93.6105,,1,41.80666344,-72.25216566,40.00399998,-105.2669989
2016,Wisconsin,Pittsburgh,63%,1,7,10,St. Louis,MO,38.6359,-90.2451,,1,43.075,-89.417222,40.444565,-79.953274
2016,Providence,USC,62%,1,9,8,Raleigh,NC,35.8324,-78.6429,,1,41.83932998,-71.43411493,34.02051,-118.28563
2016,Baylor,Yale,61%,0,5,12,Providence,RI,41.823,-71.4187,,1,31.5416645,-97.1083329,41.30666544,-72.92266298
2016,Cincinnati,St. Joseph's,61%,0,9,8,Spokane,WA,47.6671,-117.433,,1,39.132024,-84.515548,N/A,N/A
2016,Gonzaga,Seton Hall,60%,1,11,6,Denver,CO,39.762,-104.8758,,1,47.66721,-117.40235,40.743144,-74.246635
2016,Dayton,Syracuse,52%,0,7,10,St. Louis,MO,38.6359,-90.2451,,1,39.73766372,-84.17466597,43.03767,-76.13399
2016,Wichita St.,Arizona,50%,1,11,6,Providence,RI,41.823,-71.4187,,1,37.71816379,-97.28916551,32.248814,-110.987419
2016,UNC,Providence,92%,1,1,9,Raleigh,NC,35.8324,-78.6429,,2,35.904613,-79.046761,41.83932998,-71.43411493
2016,Kansas,UCONN,86%,1,1,9,Des Moines,IA,41.5725,-93.6105,,2,38.95216286,-95.25599898,41.80666344,-72.25216566
2016,Oklahoma,VCU,84%,1,2,10,Oklahoma City,OK,35.4676,-97.5136,,2,35.205894,-97.445717,37.5466151,-77.4532558
2016,Oregon,St. Joseph's,80%,1,1,8,Spokane,WA,47.6671,-117.433,,2,44.044044,-123.075736,N/A,N/A
2016,Virginia,Butler,79%,1,1,9,Raleigh,NC,35.8324,-78.6429,,2,38.033554,-78.50798,39.83699665,-86.16949932
2016,Maryland,Hawaii,79%,1,5,13,Spokane,WA,47.6671,-117.433,,2,38.98582939,-76.93732958,N/A,N/A
2016,Villanova,Iowa,78%,1,2,7,Brooklyn,NY,40.6501,-73.9496,,2,40.034901,-75.337349,41.65349739,-91.52166458
2016,Iowa State,Arkansas Little Rock,77%,1,4,12,Denver,CO,39.762,-104.8758,,2,42.023949,-93.647595,34.73499706,-92.32533203
2016,Texas A&M,Northern Iowa,76%,1,3,11,Oklahoma City,OK,35.4676,-97.5136,,2,30.610369,-96.344056,N/A,N/A
2016,Syracuse,Middle Tennessee,72%,1,10,15,St. Louis,MO,38.6359,-90.2451,,2,43.03767,-76.13399,N/A,N/A
2016,Duke,Yale,71%,1,4,12,Providence,RI,41.823,-71.4187,,2,36.00066666,-78.93666292,41.30666544,-72.92266298
2016,Kentucky,Indiana,62%,0,4,5,Des Moines,IA,41.5725,-93.6105,,2,38.0333332,-84.499998,39.167322,-86.521414
2016,Xavier,Wisconsin,61%,0,2,7,St. Louis,MO,38.6359,-90.2451,,2,39.14868,-84.47799,43.075,-89.417222
2016,Wichita St.,Miami,59%,0,11,3,Providence,RI,41.823,-71.4187,,2,37.71816379,-97.28916551,25.721644,-80.279267
2016,Notre Dame,SF Austin,57%,1,6,14,Brooklyn,NY,40.6501,-73.9496,,2,41.69928,-86.238899,N/A,N/A
2016,Utah,Gonzaga,52%,0,3,11,Denver,CO,39.762,-104.8758,,2,40.75899696,-111.8500099,47.66721,-117.40235
2016,UNC,Indiana,73%,1,1,5,Philadelphia,PA,40.0077,-75.1339,,3,35.904613,-79.046761,39.167322,-86.521414
2016,Kansas,Maryland,73%,1,1,5,Louisville,KY,38.1663,-85.6485,,3,38.95216286,-95.25599898,38.98582939,-76.93732958
2016,Villanova,Miami,67%,1,2,3,Louisville,KY,38.1663,-85.6485,,3,40.034901,-75.337349,25.721644,-80.279267
2016,Virginia,Iowa State,65%,1,1,4,Chicago,IL,41.8375,-87.6866,,3,38.033554,-78.50798,42.023949,-93.647595
2016,Oklahoma,Texas A&M,61%,1,2,3,Anaheim,CA,33.839,-117.8574,,3,35.205894,-97.445717,30.610369,-96.344056
2016,Oregon,Duke,57%,1,1,4,Anaheim,CA,33.839,-117.8574,,3,44.044044,-123.075736,36.00066666,-78.93666292
2016,Syracuse,Gonzaga,53%,1,10,11,Chicago,IL,41.8375,-87.6866,,3,43.03767,-76.13399,47.66721,-117.40235
2016,Wisconsin,Notre Dame,50%,0,7,6,Philadelphia,PA,40.0077,-75.1339,,3,43.075,-89.417222,41.69928,-86.238899
2016,UNC,Notre Dame,82%,1,1,6,Philadelphia,PA,40.0077,-75.1339,,4,35.904613,-79.046761,41.69928,-86.238899
2016,Virginia,Syracuse,69%,0,1,10,Chicago,IL,41.8375,-87.6866,,4,38.033554,-78.50798,43.03767,-76.13399
2016,Kansas,Villanova,59%,0,1,2,Louisville,KY,38.1663,-85.6485,,4,38.95216286,-95.25599898,40.034901,-75.337349
2016,Oklahoma,Oregon,54%,1,2,1,Anaheim,CA,33.839,-117.8574,,4,35.205894,-97.445717,44.044044,-123.075736
2016,UNC,Syracuse,70%,1,1,10,Houston,TX,29.786,-95.3885,,5,35.904613,-79.046761,43.03767,-76.13399
2016,Villanova,Oklahoma,54%,1,2,2,Houston,TX,29.786,-95.3885,,5,40.034901,-75.337349,35.205894,-97.445717
2016,UNC,Villanova,54%,0,1,2,Houston,TX,29.786,-95.3885,,6,35.904613,-79.046761,40.034901,-75.337349
2015,Kentucky,Hampton,99%,1,1,16,Louisville,KY,38.1663,-85.6485,,1,38.0333332,-84.499998,N/A,N/A
2015,Villanova,Lafayette,98%,1,1,16,Pittsburgh,PA,40.4397,-79.9763,,1,40.034901,-75.337349,N/A,N/A
2015,Wisconsin,Coastal Carolina,99%,1,1,16,Omaha,NE,41.2627,-96.0529,,1,43.075,-89.417222,N/A,N/A
2015,Arizona,Texas Southern,99%,1,2,15,Portland,OR,45.5371,-122.65,,1,32.248814,-110.987419,N/A,N/A
2015,Virginia,Belmont,97%,1,2,15,Charlotte ,NC,35.2083,-80.8303,,1,38.033554,-78.50798,N/A,N/A
2015,Duke,Robert Morris,97%,1,1,16,Charlotte ,NC,35.2083,-80.8303,,1,36.00066666,-78.93666292,N/A,N/A
2015,Gonzaga,North Dakota St.,97%,1,2,15,Seattle,WA,47.6211,-122.3244,,1,47.66721,-117.40235,N/A,N/A
2015,Iowa State,UAB,91%,0,3,14,Louisville,KY,38.1663,-85.6485,,1,42.023949,-93.647595,N/A,N/A
2015,Kansas,New Mexico St.,91%,1,2,15,Omaha,NE,41.2627,-96.0529,,1,38.95216286,-95.25599898,34,-106
2015,Notre Dame,Northeastern,90%,1,3,14,Pittsburgh,PA,40.4397,-79.9763,,1,41.69928,-86.238899,N/A,N/A
2015,Utah,SF Austin,82%,1,5,12,Portland,OR,45.5371,-122.65,,1,40.75899696,-111.8500099,N/A,N/A
2015,UNC,Harvard,87%,1,4,13,Jacksonville,FL,30.3322,-81.6749,,1,35.904613,-79.046761,42.37133185,-71.11683287
2015,Oklahoma,U Albany,90%,1,3,14,Columbus,OH,39.9862,-82.9855,,1,35.205894,-97.445717,N/A,N/A
2015,Michigan St.,Georgia,65%,1,7,10,Charlotte ,NC,35.2083,-80.8303,,1,42.723387,-84.481366,N/A,N/A
2015,Wichita St.,Indiana,72%,1,7,10,Omaha,NE,41.2627,-96.0529,,1,37.71816379,-97.28916551,39.167322,-86.521414
2015,Louisville,UC Irvine,75%,1,4,13,Seattle,WA,47.6211,-122.3244,,1,38.20901236,-85.75613078,N/A,N/A
2015,Baylor,Georgia St.,76%,0,3,14,Jacksonville,FL,30.3322,-81.6749,,1,31.5416645,-97.1083329,33.75278,-84.38611
2015,Ohio State,VCU,64%,1,10,7,Portland,OR,45.5371,-122.65,,1,39.999387,-83.02271,37.5466151,-77.4532558
2015,Northern Iowa,Wyoming,75%,1,5,12,Seattle,WA,47.6211,-122.3244,,1,42.513361,-92.462482,N/A,N/A
2015,W. Virginia,Buffalo,67%,1,5,12,Columbus,OH,39.9862,-82.9855,,1,39.63582,-79.95453,N/A,N/A
2015,SMU,UCLA,63%,0,6,11,Louisville,KY,38.1663,-85.6485,,1,32.844114,-96.784874,34.06999972,-118.4397899
2015,Texas,Butler,54%,0,11,6,Pittsburgh,PA,40.4397,-79.9763,,1,30.28614,-97.73942,39.83699665,-86.16949932
2015,Georgetown,Eastern Washington,77%,1,4,13,Portland,OR,45.5371,-122.65,,1,38.907852,-77.072807,N/A,N/A
2015,Maryland,Valparaiso,72%,1,4,13,Columbus,OH,39.9862,-82.9855,,1,38.98582939,-76.93732958,N/A,N/A
2015,Iowa,Davidson,62%,1,7,10,Seattle,WA,47.6211,-122.3244,,1,41.65349739,-91.52166458,35.49999,-80.845296
2015,Arkansas,Wofford,76%,1,5,12,Jacksonville,FL,30.3322,-81.6749,,1,36.0687,-94.1748,34.959,-81.935
2015,Providence,Dayton,53%,0,6,11,Columbus,OH,39.9862,-82.9855,,1,41.83932998,-71.43411493,39.73766372,-84.17466597
2015,NC State,LSU,59%,1,8,9,Pittsburgh,PA,40.4397,-79.9763,,1,35.785548,-78.67157,30.4145,-91.1783
2015,Xavier,Ole Miss,58%,1,6,11,Jacksonville,FL,30.3322,-81.6749,,1,39.14868,-84.47799,34.3663,-89.5368
2015,Cincinnati,Purdue,54%,1,8,9,Louisville,KY,38.1663,-85.6485,,1,39.132024,-84.515548,40.424,-86.929
2015,SDSU,St. John's,58%,1,8,9,Charlotte ,NC,35.2083,-80.8303,,1,32.77544,-117.072823,N/A,N/A
2015,Okla. State,Oregon,59%,0,9,8,Omaha,NE,41.2627,-96.0529,,1,36.12600283,-97.0752047,44.044044,-123.075736
2015,Kentucky,Cincinnati,,1,1,8,Louisville,KY,38.1663,-85.6485,,2,38.0333332,-84.499998,39.132024,-84.515548
2015,W. Virginia,Maryland,,1,5,4,Columbus,OH,39.9862,-82.9855,,2,39.63582,-79.95453,38.98582939,-76.93732958
2015,Notre Dame,Butler,,1,3,6,Pittsburgh,PA,40.4397,-79.9763,,2,41.69928,-86.238899,39.83699665,-86.16949932
2015,Kansas,Wichita St.,,0,2,7,Omaha,NE,41.2627,-96.0529,,2,38.95216286,-95.25599898,37.71816379,-97.28916551
2015,Wisconsin,Oregon,,1,1,8,Omaha,NE,41.2627,-96.0529,,2,43.075,-89.417222,44.044044,-123.075736
2015,UNC,Arkansas,,1,4,5,Jacksonville,FL,30.3322,-81.6749,,2,35.904613,-79.046761,36.0687,-94.1748
2015,Xavier,Georgia St.,,1,6,14,Jacksonville,FL,30.3322,-81.6749,,2,39.14868,-84.47799,33.75278,-84.38611
2015,Arizona,Ohio State,,1,2,10,Portland,OR,45.5371,-122.65,,2,32.248814,-110.987419,39.999387,-83.02271
2015,Villanova,NC State,,0,1,8,Pittsburgh,PA,40.4397,-79.9763,,2,40.034901,-75.337349,35.785548,-78.67157
2015,Louisville,Northern Iowa,,1,4,5,Seattle,WA,47.6211,-122.3244,,2,38.20901236,-85.75613078,N/A,N/A
2015,Oklahoma,Dayton,,1,3,11,Columbus,OH,39.9862,-82.9855,,2,35.205894,-97.445717,39.73766372,-84.17466597
2015,Virginia,Michigan St.,,0,2,7,Charlotte,NC,42.5662,-84.8304,,2,38.033554,-78.50798,42.723387,-84.481366
2015,Duke,SDSU,,1,1,8,Charlotte,NC,42.5662,-84.8304,,2,36.00066666,-78.93666292,32.77544,-117.072823
2015,UCLA,UAB,,1,11,14,Louisville,KY,38.1663,-85.6485,,2,34.06999972,-118.4397899,N/A,N/A
2015,Gonzaga,Iowa,,1,2,7,Seattle,WA,47.6211,-122.3244,,2,47.66721,-117.40235,41.65349739,-91.52166458
2015,Utah,Georgetown,,1,5,4,Portland,OR,45.5371,-122.65,,2,40.75899696,-111.8500099,38.907852,-77.072807
2015,Kentucky,W. Virginia,,1,1,5,Cleveland,OH,41.4764,-81.6805,,3,38.0333332,-84.499998,39.63582,-79.95453
2015,Notre Dame,Wichita St.,,1,3,7,Cleveland,OH,41.4764,-81.6805,,3,41.69928,-86.238899,37.71816379,-97.28916551
2015,Wisconsin,UNC,,1,1,4,Los Angeles,CA,34.1141,-118.4068,,3,43.075,-89.417222,35.904613,-79.046761
2015,Arizona,Xavier,,1,2,6,Los Angeles,CA,34.1141,-118.4068,,3,32.248814,-110.987419,39.14868,-84.47799
2015,Louisville,NC State,,1,4,8,Syracuse,NY,43.0407,-76.1437,,3,38.20901236,-85.75613078,35.785548,-78.67157
2015,Oklahoma,Michigan St.,,0,3,7,Syracuse,NY,43.0407,-76.1437,,3,35.205894,-97.445717,42.723387,-84.481366
2015,Duke,Utah,,1,1,5,Houston,TX,29.786,-95.3885,,3,36.00066666,-78.93666292,40.75899696,-111.8500099
2015,Gonzaga,UCLA,,1,2,11,Houston,TX,29.786,-95.3885,,3,47.66721,-117.40235,34.06999972,-118.4397899
2015,Kentucky,Notre Dame,,1,1,3,Cleveland,OH,41.4764,-81.6805,,4,38.0333332,-84.499998,41.69928,-86.238899
2015,Wisconsin,Arizona,,1,1,2,Los Angeles,CA,34.1141,-118.4068,,4,43.075,-89.417222,32.248814,-110.987419
2015,Michigan St.,Louisville,,1,7,4,Syracuse,NY,43.0407,-76.1437,,4,42.723387,-84.481366,38.20901236,-85.75613078
2015,Duke,Gonzaga,,1,1,2,Houston,TX,29.786,-95.3885,,4,36.00066666,-78.93666292,47.66721,-117.40235
2015,Kentucky,Wisconsin,,0,1,1,Indianapolis,IN,39.7771,-86.1458,,5,38.0333332,-84.499998,43.075,-89.417222
2015,Duke,Michigan St.,,1,1,7,Indianapolis,IN,39.7771,-86.1458,,5,36.00066666,-78.93666292,42.723387,-84.481366
2015,Duke,Wisconsin,,1,1,1,Indianapolis,IN,39.7771,-86.1458,,6,36.00066666,-78.93666292,43.075,-89.417222
2014,Louisville,Manhattan,,1,4,13,Orlando ,FL,28.4773,-81.337,,1,38.20901236,-85.75613078,N/A,N/A
2014,Florida,U Albany,,1,1,16,Orlando ,FL,28.4773,-81.337,,1,29.643946,-82.355659,N/A,N/A
2014,Arizona,Weber State,,1,1,16,San Diego,CA,32.8313,-117.1222,,1,32.248814,-110.987419,N/A,N/A
2014,Kansas,Eastern Kentucky,,1,2,15,St. Louis,MO,38.6359,-90.2451,,1,38.95216286,-95.25599898,N/A,N/A
2014,Virginia,Coastal Carolina,,1,1,16,Raleigh,NC,35.8324,-78.6429,,1,38.033554,-78.50798,N/A,N/A
2014,Michigan St.,Delaware,,1,4,13,Spokane,WA,47.6671,-117.433,,1,42.723387,-84.481366,N/A,N/A
2014,Duke,Mercer,,0,3,14,Raleigh,NC,35.8324,-78.6429,,1,36.00066666,-78.93666292,N/A,N/A
2014,Wichita St.,Cal Poly,,1,1,16,St. Louis,MO,38.6359,-90.2451,,1,37.71816379,-97.28916551,N/A,N/A
2014,Villanova,Milwaukee,,1,2,15,Buffalo,NY,42.9018,-78.8487,,1,40.034901,-75.337349,N/A,N/A
2014,Wisconsin,American,,1,2,15,Milwaukee,WI,43.0642,-87.9675,,1,43.075,-89.417222,N/A,N/A
2014,Michigan,Wofford,,1,2,15,Milwaukee,WI,43.0642,-87.9675,,1,42.283,-83.735,34.959,-81.935
2014,Creighton,Louisiana,,1,3,14,San Antonio,TX,29.4632,-98.5238,,1,41.25886896,-95.94322956,N/A,N/A
2014,Kentucky,Kansas State,,1,8,9,St. Louis,MO,38.6359,-90.2451,,1,38.0333332,-84.499998,39.18833258,-96.57516437
2014,Ohio State,Dayton,,0,6,11,Buffalo,NY,42.9018,-78.8487,,1,39.999387,-83.02271,39.73766372,-84.17466597
2014,UCLA,Tulsa,,1,4,13,San Diego,CA,32.8313,-117.1222,,1,34.06999972,-118.4397899,N/A,N/A
2014,Syracuse,Western Michigan,,1,3,14,Buffalo,NY,42.9018,-78.8487,,1,43.03767,-76.13399,N/A,N/A
2014,Iowa State,NC Central,,1,3,14,San Antonio,TX,29.4632,-98.5238,,1,42.023949,-93.647595,N/A,N/A
2014,Okla. State,Gonzaga,,0,9,8,San Diego,CA,32.8313,-117.1222,,1,36.12600283,-97.0752047,47.66721,-117.40235
2014,UNC,Providence,,1,6,11,San Antonio,TX,29.4632,-98.5238,,1,35.904613,-79.046761,41.83932998,-71.43411493
2014,Baylor,Nebraska,,1,6,11,San Antonio,TX,29.4632,-98.5238,,1,31.5416645,-97.1083329,N/A,N/A
2014,VCU,SF Austin,,0,5,12,San Diego,CA,32.8313,-117.1222,,1,37.5466151,-77.4532558,N/A,N/A
2014,SDSU,New Mexico St.,,1,4,13,Spokane,WA,47.6671,-117.433,,1,32.77544,-117.072823,34,-106
2014,UCONN,St. Joseph's,,1,7,10,Buffalo,NY,42.9018,-78.8487,,1,41.80666344,-72.25216566,N/A,N/A
2014,New Mexico,Stanford,,0,7,10,St. Louis,MO,38.6359,-90.2451,,1,35.08389,-106.61861,N/A,N/A
2014,Oklahoma,North Dakota St.,,0,5,12,Spokane,WA,47.6671,-117.433,,1,35.205894,-97.445717,N/A,N/A
2014,Pittsburgh,Colorado,,1,9,8,Orlando ,FL,28.4773,-81.337,,1,40.444565,-79.953274,40.00399998,-105.2669989
2014,Cincinnati,Harvard,,0,5,12,Spokane,WA,47.6671,-117.433,,1,39.132024,-84.515548,42.37133185,-71.11683287
2014,Oregon,BYU,,1,7,10,Milwaukee,WI,43.0642,-87.9675,,1,44.044044,-123.075736,N/A,N/A
2014,Memphis,George Washington,,1,8,9,Raleigh,NC,35.8324,-78.6429,,1,35.11908,-89.93778,N/A,N/A
2014,St. Louis,NC State,,1,5,12,Orlando ,FL,28.4773,-81.337,,1,38.636497,-90.233903,35.785548,-78.67157
2014,Texas,Arizona St.,,1,7,10,Milwaukee,WI,43.0642,-87.9675,,1,30.28614,-97.73942,33.41933166,-111.925663
2014,Tennessee,UMASS,,1,11,6,Raleigh,NC,35.8324,-78.6429,,1,35.9509962,-83.92466297,N/A,N/A
2014,Florida,Pittsburgh,,1,1,9,Orlando ,FL,28.4773,-81.337,,2,29.643946,-82.355659,40.444565,-79.953274
2014,UCLA,SF Austin,,1,4,12,San Diego,CA,32.8313,-117.1222,,2,34.06999972,-118.4397899,N/A,N/A
2014,Syracuse,Dayton,,0,3,11,Buffalo,NY,42.9018,-78.8487,,2,43.03767,-76.13399,39.73766372,-84.17466597
2014,Kansas,Stanford,,0,2,10,St. Louis,MO,38.6359,-90.2451,,2,38.95216286,-95.25599898,N/A,N/A
2014,Virginia,Memphis,,1,1,8,Raleigh,NC,35.8324,-78.6429,,2,38.033554,-78.50798,35.11908,-89.93778
2014,Michigan St.,Harvard,,1,4,12,Spokane,WA,47.6671,-117.433,,2,42.723387,-84.481366,42.37133185,-71.11683287
2014,Iowa State,UNC,,1,3,6,San Antonio,TX,29.4632,-98.5238,,2,42.023949,-93.647595,35.904613,-79.046761
2014,Villanova,UCONN,,0,2,7,Buffalo,NY,42.9018,-78.8487,,2,40.034901,-75.337349,41.80666344,-72.25216566
2014,Arizona,Gonzaga,,1,1,8,San Diego,CA,32.8313,-117.1222,,2,32.248814,-110.987419,47.66721,-117.40235
2014,SDSU,North Dakota St.,,1,4,12,Spokane,WA,47.6671,-117.433,,2,32.77544,-117.072823,N/A,N/A
2014,Creighton,Baylor,,0,3,6,San Antonio,TX,29.4632,-98.5238,,2,41.25886896,-95.94322956,31.5416645,-97.1083329
2014,Wisconsin,Oregon,,1,2,7,Milwaukee,WI,43.0642,-87.9675,,2,43.075,-89.417222,44.044044,-123.075736
2014,Wichita St.,Kentucky,,0,1,8,St. Louis,MO,38.6359,-90.2451,,2,37.71816379,-97.28916551,38.0333332,-84.499998
2014,Louisville,St. Louis,,1,4,5,Orlando ,FL,28.4773,-81.337,,2,38.20901236,-85.75613078,N/A,N/A
2014,Tennessee,Mercer,,1,11,14,Raleigh,NC,35.8324,-78.6429,,2,35.9509962,-83.92466297,N/A,N/A
2014,Michigan,Texas,,1,2,7,Milwaukee,WI,43.0642,-87.9675,,2,42.283,-83.735,30.28614,-97.73942
2014,Florida,UCLA,,1,1,4,Memphis,TN,35.1087,-89.9663,,3,29.643946,-82.355659,34.06999972,-118.4397899
2014,Dayton,Stanford,,1,11,10,Memphis,TN,35.1087,-89.9663,,3,39.73766372,-84.17466597,N/A,N/A
2014,Michigan St.,Virginia,,1,4,1,New York,NY,40.6943,-73.9249,,3,42.723387,-84.481366,38.033554,-78.50798
2014,Iowa State,UCONN,,0,3,7,New York,NY,40.6943,-73.9249,,3,42.023949,-93.647595,41.80666344,-72.25216566
2014,Arizona,SDSU,,1,1,4,Anaheim,CA,33.839,-117.8574,,3,32.248814,-110.987419,32.77544,-117.072823
2014,Wisconsin,Baylor,,1,2,6,Anaheim,CA,33.839,-117.8574,,3,43.075,-89.417222,31.5416645,-97.1083329
2014,Louisville,Kentucky,,0,4,8,Indianapolis,IN,39.7771,-86.1458,,3,38.20901236,-85.75613078,38.0333332,-84.499998
2014,Michigan,Tennessee,,1,2,11,Indianapolis,IN,39.7771,-86.1458,,3,42.283,-83.735,35.9509962,-83.92466297
2014,Florida,Dayton,,1,1,11,Memphis,TN,35.1087,-89.9663,,4,29.643946,-82.355659,39.73766372,-84.17466597
2014,Michigan St.,UCONN,,0,4,7,New York,NY,40.6943,-73.9249,,4,42.723387,-84.481366,41.80666344,-72.25216566
2014,Arizona,Wisconsin,,0,1,2,Anaheim,CA,33.839,-117.8574,,4,32.248814,-110.987419,43.075,-89.417222
2014,Michigan,Kentucky,,0,2,8,Indianapolis,IN,39.7771,-86.1458,,4,42.283,-83.735,38.0333332,-84.499998
2014,Florida,UCONN,,0,1,7,Arlington,TX,32.6998,-97.125,,5,29.643946,-82.355659,41.80666344,-72.25216566
2014,Wisconsin,Kentucky,,0,2,8,Arlington,TX,32.6998,-97.125,,5,43.075,-89.417222,38.0333332,-84.499998
2014,UCONN,Kentucky,,1,7,8,Arlington,TX,32.6998,-97.125,,6,41.80666344,-72.25216566,38.0333332,-84.499998
2013,Louisville,North Carolina A&T,,1,1,16,Lexington,KY,38.0423,-84.4587,,1,38.20901236,-85.75613078,N/A,N/A
2013,Duke,U Albany,,1,2,15,Philadelphia,PA,40.0077,-75.1339,,1,36.00066666,-78.93666292,N/A,N/A
2013,Michigan St.,Valparaiso,,1,3,14,Auburn Hills,MI,42.6735,-83.2448,,1,42.723387,-84.481366,N/A,N/A
2013,St. Louis,New Mexico St.,,1,4,13,San Jose,CA,37.3012,-121.848,,1,38.636497,-90.233903,34,-106
2013,Okla. State,Oregon,,0,5,12,San Jose,CA,37.3012,-121.848,,1,36.12600283,-97.0752047,44.044044,-123.075736
2013,Memphis,St. Mary's,,1,6,11,Auburn Hills,MI,42.6735,-83.2448,,1,35.11908,-89.93778,N/A,N/A
2013,Creighton,Cincinnati,,1,7,10,Philadelphia,PA,40.0077,-75.1339,,1,41.25886896,-95.94322956,39.132024,-84.515548
2013,Missouri,Colorado St.,,1,9,8,Lexington,KY,38.0423,-84.4587,,1,38.9453,-92.3288,40.57156605,-105.075253
2013,Gonzaga,Southern,,1,1,16,Salt Lake City,UT,40.7776,-111.9311,,1,47.66721,-117.40235,N/A,N/A
2013,Ohio State,Iona,,1,2,15,Dayton,OH,39.7805,-84.2003,,1,39.999387,-83.02271,N/A,N/A
2013,New Mexico,Harvard,,0,3,14,Salt Lake City,UT,40.7776,-111.9311,,1,35.08389,-106.61861,42.37133185,-71.11683287
2013,Kansas State,La Salle,,0,4,13,Kansas City,MO,39.1238,-94.5541,,1,39.18833258,-96.57516437,N/A,N/A
2013,Wisconsin,Ole Miss,,0,5,12,Kansas City,MO,39.1238,-94.5541,,1,43.075,-89.417222,34.3663,-89.5368
2013,Arizona,Belmont,,1,6,11,Salt Lake City,UT,40.7776,-111.9311,,1,32.248814,-110.987419,N/A,N/A
2013,Notre Dame,Iowa State,,0,7,10,Dayton,OH,39.7805,-84.2003,,1,41.69928,-86.238899,42.023949,-93.647595
2013,Pittsburgh,Wichita St.,,0,8,9,Salt Lake City,UT,40.7776,-111.9311,,1,40.444565,-79.953274,37.71816379,-97.28916551
2013,Indiana,James Madison,,1,1,16,Dayton,OH,39.7805,-84.2003,,1,39.167322,-86.521414,N/A,N/A
2013,Miami,Pacific,,1,2,15,Austin,TX,30.3005,-97.7522,,1,25.721644,-80.279267,N/A,N/A
2013,Marquette,Davidson,,1,3,14,Lexington,KY,38.0423,-84.4587,,1,43.038,-87.928,35.49999,-80.845296
2013,Syracuse,Montana,,1,4,13,San Jose,CA,37.3012,-121.848,,1,43.03767,-76.13399,N/A,N/A
2013,UNLV,California,,0,5,12,San Jose,CA,37.3012,-121.848,,1,36.10779,-115.14376,37.87196,-122.259094
2013,Butler,Bucknell,,1,6,11,Lexington,KY,38.0423,-84.4587,,1,39.83699665,-86.16949932,N/A,N/A
2013,Illinois,Colorado,,1,7,10,Austin,TX,30.3005,-97.7522,,1,40.110558,-88.228333,40.00399998,-105.2669989
2013,NC State,Temple,,0,8,9,Dayton,OH,39.7805,-84.2003,,1,35.785548,-78.67157,N/A,N/A
2013,Kansas,Western Kentucky,,1,1,16,Kansas City,MO,39.1238,-94.5541,,1,38.95216286,-95.25599898,N/A,N/A
2013,Georgetown,FGCU,,0,2,15,Philadelphia,PA,40.0077,-75.1339,,1,38.907852,-77.072807,26.462499,-81.772898
2013,Florida,Northwestern State,,1,3,14,Austin,TX,30.3005,-97.7522,,1,29.643946,-82.355659,N/A,N/A
2013,Michigan,South Dakota St.,,1,4,13,Auburn Hills,MI,42.6735,-83.2448,,1,42.283,-83.735,N/A,N/A
2013,VCU,Akron,,1,5,12,Auburn Hills,MI,42.6735,-83.2448,,1,37.5466151,-77.4532558,N/A,N/A
2013,UCLA,Minnesota,,0,6,11,Austin,TX,30.3005,-97.7522,,1,34.06999972,-118.4397899,44.97182945,-93.2338324
2013,SDSU,Oklahoma,,1,7,10,Philadelphia,PA,40.0077,-75.1339,,1,32.77544,-117.072823,35.205894,-97.445717
2013,UNC,Villanova,,1,8,9,Kansas City,MO,39.1238,-94.5541,,1,35.904613,-79.046761,40.034901,-75.337349
2013,Louisville,Colorado St.,,1,1,8,Lexington,KY,38.0423,-84.4587,,2,38.20901236,-85.75613078,40.57156605,-105.075253
2013,Duke,Creighton,,1,2,7,Philadelphia,PA,40.0077,-75.1339,,2,36.00066666,-78.93666292,41.25886896,-95.94322956
2013,Michigan St.,Memphis,,1,3,6,Auburn Hills,MI,42.6735,-83.2448,,2,42.723387,-84.481366,35.11908,-89.93778
2013,St. Louis,Oregon,,0,4,12,San Jose,CA,37.3012,-121.848,,2,38.636497,-90.233903,44.044044,-123.075736
2013,Gonzaga,Wichita St.,,0,1,9,Salt Lake City,UT,40.7776,-111.9311,,2,47.66721,-117.40235,37.71816379,-97.28916551
2013,Ohio State,Iowa State,,1,2,10,Dayton,OH,39.7805,-84.2003,,2,39.999387,-83.02271,42.023949,-93.647595
2013,Arizona,Harvard,,1,6,14,Salt Lake City,UT,40.7776,-111.9311,,2,32.248814,-110.987419,42.37133185,-71.11683287
2013,Ole Miss,La Salle,,0,12,13,Kansas City,MO,39.1238,-94.5541,,2,34.3663,-89.5368,N/A,N/A
2013,Indiana,Temple,,1,1,9,Dayton,OH,39.7805,-84.2003,,2,39.167322,-86.521414,N/A,N/A
2013,Miami,Illinois,,1,2,7,Austin,TX,30.3005,-97.7522,,2,25.721644,-80.279267,40.110558,-88.228333
2013,Marquette,Butler,,1,3,6,Lexington,KY,38.0423,-84.4587,,2,43.038,-87.928,39.83699665,-86.16949932
2013,Syracuse,California,,1,4,12,San Jose,CA,37.3012,-121.848,,2,43.03767,-76.13399,37.87196,-122.259094
2013,Kansas,UNC,,1,1,8,Kansas City,MO,39.1238,-94.5541,,2,38.95216286,-95.25599898,35.904613,-79.046761
2013,SDSU,FGCU,,0,7,15,Philadelphia,PA,40.0077,-75.1339,,2,32.77544,-117.072823,26.462499,-81.772898
2013,Florida,Minnesota,,1,3,11,Austin,TX,30.3005,-97.7522,,2,29.643946,-82.355659,44.97182945,-93.2338324
2013,Michigan,VCU,,1,4,5,Auburn Hills,MI,42.6735,-83.2448,,2,42.283,-83.735,37.5466151,-77.4532558
2013,Louisville,Oregon,,1,1,12,Indianapolis,IN,39.7771,-86.1458,,3,38.20901236,-85.75613078,44.044044,-123.075736
2013,Duke,Michigan St.,,1,2,3,Indianapolis,IN,39.7771,-86.1458,,3,36.00066666,-78.93666292,42.723387,-84.481366
2013,Wichita St.,La Salle,,1,9,13,Los Angeles,CA,34.1141,-118.4068,,3,37.71816379,-97.28916551,N/A,N/A
2013,Ohio State,Arizona,,1,2,6,Los Angeles,CA,34.1141,-118.4068,,3,39.999387,-83.02271,32.248814,-110.987419
2013,Indiana,Syracuse,,0,1,4,Washington,DC,38.9047,-77.0163,,3,39.167322,-86.521414,43.03767,-76.13399
2013,Marquette,Miami,,1,3,2,Washington,DC,38.9047,-77.0163,,3,43.038,-87.928,25.721644,-80.279267
2013,Kansas,Michigan,,0,1,4,Arlington,TX,32.6998,-97.125,,3,38.95216286,-95.25599898,42.283,-83.735
2013,Florida,FGCU,,1,3,15,Arlington,TX,32.6998,-97.125,,3,29.643946,-82.355659,26.462499,-81.772898
2013,Louisville,Duke,,1,1,2,Los Angeles,CA,34.1141,-118.4068,,4,38.20901236,-85.75613078,36.00066666,-78.93666292
2013,Ohio State,Wichita St.,,0,2,9,Los Angeles,CA,34.1141,-118.4068,,4,39.999387,-83.02271,37.71816379,-97.28916551
2013,Syracuse,Marquette,,1,4,3,Washington,DC,38.9047,-77.0163,,4,43.03767,-76.13399,43.038,-87.928
2013,Michigan,Florida,,1,4,3,Los Angeles,CA,34.1141,-118.4068,,4,42.283,-83.735,29.643946,-82.355659
2013,Louisville,Wichita St.,,1,1,9,Atlanta,GA,33.7628,-84.422,,5,38.20901236,-85.75613078,37.71816379,-97.28916551
2013,Michigan,Syracuse,,1,4,4,Atlanta,GA,33.7628,-84.422,,5,42.283,-83.735,43.03767,-76.13399
2013,Louisville,Michigan,,1,1,4,Atlanta,GA,33.7628,-84.422,,6,38.20901236,-85.75613078,42.283,-83.735